company_id,products_count,interactions_per_year
1,3,13
2,1,5
3,3,10
4,4,11
5,2,3
6,1,3
7,2,3
8,2,7
9,4,7
10,1,2
11,2,4
12,7,14
13,1,3
14,2,9
15,2,5
16,2,2
17,3,7
18,3,7
19,2,13
20,1,3
21,1,3
22,3,13
23,2,4
24,1,4
25,2,6
26,2,5
27,1,2
28,2,11
29,7,23
30,1,4
31,1,3
32,3,8
33,3,8
34,4,10
35,1,5
36,2,5
37,2,5
38,3,10
39,2,8
40,1,2
41,1,5
42,2,3
43,7,23
44,4,12
45,1,5
46,2,5
47,2,4
48,2,5
49,3,9
50,3,8
51,2,3
52,2,4
53,2,9
54,1,2
55,1,3
56,7,18
57,4,11
58,4,7
59,1,2
60,2,2
61,2,2
62,2,5
63,4,12
64,1,5
65,2,8
66,1,5
67,2,5
68,7,24
69,2,5
70,2,2
71,2,4
72,2,2
73,2,3
74,2,3
75,3,9
76,3,11
77,1,4
78,2,5
79,1,2
80,1,5
81,1,5
82,3,11
83,2,5
84,3,12
85,5,20
86,2,7
87,1,5
88,2,2
89,7,23
90,2,5
91,3,6
92,1,5
93,2,3
94,4,11
95,3,10
96,3,12
97,5,26
98,2,5
99,2,3
100,7,20
101,1,3
102,4,8
103,2,4
104,1,5
105,2,2
106,1,5
107,2,7
108,3,7
109,1,4
110,1,5
111,2,3
112,2,3
113,2,3
114,2,2
115,2,4
116,1,5
117,2,3
118,2,2
119,1,3
120,1,3
121,1,4
122,5,17
123,2,5
124,2,8
125,1,3
126,4,11
127,2,2
128,4,9
129,1,4
130,4,10
131,1,3
132,2,4
133,2,11
134,2,3
135,7,19
136,2,3
137,1,4
138,2,11
139,1,4
140,1,5
141,4,11
142,4,6
143,4,28
144,2,4
145,2,2
146,1,3
147,1,5
148,3,13
149,1,2
150,1,3
151,1,3
152,3,8
153,5,21
154,3,13
155,1,3
156,3,12
157,2,4
158,1,3
159,1,3
160,1,4
161,1,4
162,3,6
163,2,5
164,1,5
165,4,16
166,2,6
167,4,9
168,1,4
169,2,5
170,1,4
171,2,5
172,1,4
173,2,5
174,1,2
175,1,3
176,2,3
177,2,3
178,2,4
179,2,3
180,2,5
181,2,3
182,2,4
183,2,4
184,2,8
185,6,23
186,1,4
187,7,20
188,2,4
189,1,3
190,5,29
191,1,2
192,3,12
193,2,3
194,1,3
195,1,5
196,1,5
197,2,4
198,1,2
199,1,4
200,4,19
201,2,13
202,1,4
203,1,4
204,3,12
205,2,4
206,2,2
207,1,3
208,2,12
209,2,3
210,1,5
211,1,3
212,1,4
213,2,3
214,1,4
215,2,4
216,2,5
217,1,4
218,4,9
219,4,10
220,2,4
221,2,5
222,2,5
223,2,4
224,3,11
225,2,5
226,4,6
227,3,7
228,6,25
229,1,4
230,2,5
231,1,2
232,2,9
233,4,6
234,2,5
235,1,4
236,1,2
237,1,4
238,1,5
239,2,2
240,1,2
241,3,13
242,2,4
243,2,2
244,2,2
245,2,6
246,1,5
247,4,15
248,1,4
249,5,12
250,2,7
251,2,2
252,5,15
253,2,4
254,2,2
255,2,4
256,2,4
257,3,7
258,3,11
259,1,2
260,1,3
261,2,4
262,4,9
263,2,3
264,7,28
265,1,3
266,1,5
267,3,6
268,1,3
269,2,5
270,1,4
271,2,3
272,5,29
273,1,4
274,2,4
275,1,3
276,2,5
277,4,12
278,7,27
279,4,7
280,1,2
281,1,3
282,1,3
283,2,10
284,1,3
285,2,3
286,4,15
287,2,3
288,2,2
289,1,2
290,2,4
291,2,3
292,1,3
293,1,3
294,1,3
295,4,6
296,2,2
297,4,8
298,1,3
299,1,2
300,5,15
301,2,2
302,1,5
303,2,13
304,1,2
305,2,4
306,2,5
307,3,11
308,4,9
309,2,4
310,1,4
311,1,4
312,1,4
313,1,4
314,2,5
315,1,5
316,2,5
317,5,18
318,2,3
319,1,5
320,1,4
321,6,25
322,4,7
323,2,6
324,2,5
325,2,12
326,2,5
327,2,3
328,2,5
329,2,10
330,2,6
331,4,8
332,7,18
333,2,4
334,2,4
335,2,5
336,3,13
337,2,3
338,2,7
339,2,4
340,1,5
341,1,4
342,1,3
343,3,9
344,1,4
345,1,2
346,2,3
347,1,2
348,1,2
349,2,5
350,3,10
351,2,2
352,1,4
353,1,5
354,2,4
355,1,4
356,2,4
357,2,5
358,4,11
359,1,5
360,4,8
361,5,13
362,2,2
363,1,3
364,1,5
365,1,4
366,3,10
367,4,6
368,1,4
369,1,2
370,1,2
371,2,2
372,2,13
373,1,3
374,2,5
375,3,6
376,1,5
377,2,2
378,1,5
379,1,3
380,4,8
381,3,11
382,1,5
383,4,17
384,2,5
385,3,8
386,4,12
387,1,3
388,4,10
389,1,4
390,1,5
391,3,10
392,3,8
393,2,6
394,1,5
395,1,3
396,1,3
397,6,19
398,1,3
399,4,13
400,1,3
401,2,4
402,2,3
403,6,13
404,1,3
405,4,29
406,2,4
407,2,5
408,2,12
409,2,8
410,4,28
411,1,5
412,1,5
413,2,2
414,1,5
415,6,23
416,2,2
417,1,2
418,2,2
419,2,2
420,2,4
421,1,5
422,2,4
423,2,2
424,7,28
425,1,4
426,2,3
427,5,15
428,2,12
429,4,19
430,5,12
431,2,2
432,3,10
433,1,5
434,1,5
435,4,12
436,1,2
437,4,8
438,3,11
439,1,2
440,3,6
441,1,3
442,2,4
443,4,9
444,1,2
445,3,9
446,2,2
447,2,2
448,4,13
449,2,2
450,1,3
451,2,4
452,4,7
453,1,4
454,2,11
455,2,3
456,2,4
457,6,15
458,2,5
459,1,5
460,2,6
461,2,7
462,1,3
463,1,3
464,4,6
465,2,12
466,3,10
467,2,5
468,5,25
469,2,2
470,1,2
471,2,2
472,2,4
473,1,3
474,2,2
475,2,2
476,3,13
477,2,3
478,2,2
479,1,2
480,2,2
481,2,2
482,1,3
483,7,12
484,3,8
485,4,10
486,2,4
487,2,3
488,2,2
489,3,9
490,2,4
491,1,4
492,2,2
493,1,5
494,5,23
495,2,10
496,2,11
497,2,3
498,3,6
499,1,3
500,6,25
501,1,3
502,2,2
503,2,10
504,1,4
505,4,11
506,6,21
507,2,5
508,1,4
509,1,3
510,3,6
511,1,5
512,2,5
513,1,4
514,2,2
515,4,7
516,2,3
517,2,3
518,3,8
519,2,5
520,2,5
521,1,5
522,2,5
523,2,4
524,5,24
525,3,12
526,2,13
527,7,25
528,1,2
529,2,3
530,1,3
531,2,9
532,4,8
533,2,4
534,1,4
535,2,5
536,2,5
537,4,11
538,1,2
539,7,17
540,1,3
541,4,6
542,7,14
543,5,23
544,1,5
545,1,2
546,2,4
547,1,2
548,1,3
549,4,29
550,1,3
551,1,2
552,2,2
553,4,12
554,6,16
555,1,4
556,1,5
557,3,10
558,2,6
559,2,2
560,4,13
561,7,16
562,1,3
563,1,2
564,1,4
565,1,3
566,2,2
567,1,2
568,2,5
569,2,4
570,1,3
571,2,3
572,2,5
573,1,3
574,1,3
575,1,4
576,4,10
577,1,2
578,6,29
579,1,4
580,2,5
581,2,2
582,2,11
583,3,11
584,5,22
585,5,25
586,1,2
587,2,3
588,1,3
589,2,2
590,1,4
591,3,8
592,7,13
593,1,3
594,2,2
595,1,4
596,4,6
597,1,3
598,7,25
599,2,6
600,1,2
601,1,5
602,2,5
603,5,18
604,1,2
605,5,27
606,2,4
607,4,13
608,1,2
609,2,2
610,2,8
611,2,10
612,3,12
613,1,4
614,6,27
615,7,17
616,1,4
617,7,23
618,1,5
619,3,13
620,2,3
621,6,12
622,1,4
623,1,4
624,2,2
625,2,2
626,1,5
627,1,5
628,3,6
629,6,18
630,2,6
631,2,10
632,1,3
633,2,3
634,1,5
635,2,5
636,7,22
637,1,2
638,4,16
639,2,3
640,4,8
641,1,2
642,2,4
643,4,7
644,2,2
645,3,11
646,2,3
647,2,3
648,4,16
649,2,4
650,2,6
651,2,3
652,2,5
653,1,4
654,1,5
655,1,3
656,2,2
657,2,4
658,2,13
659,3,10
660,2,4
661,2,3
662,1,3
663,1,3
664,1,2
665,1,2
666,5,17
667,2,11
668,2,4
669,2,5
670,3,8
671,2,5
672,2,6
673,7,22
674,1,2
675,2,2
676,4,9
677,4,18
678,1,5
679,2,7
680,1,3
681,2,5
682,2,12
683,6,25
684,2,2
685,2,7
686,1,3
687,1,5
688,1,5
689,1,3
690,2,2
691,2,2
692,3,12
693,3,7
694,2,3
695,2,2
696,2,5
697,6,25
698,2,2
699,1,3
700,1,5
701,1,4
702,1,5
703,2,13
704,3,10
705,1,2
706,2,5
707,2,2
708,5,23
709,1,5
710,4,7
711,2,5
712,2,4
713,2,2
714,2,4
715,2,2
716,1,5
717,2,4
718,2,3
719,2,5
720,2,5
721,1,5
722,7,21
723,2,4
724,1,5
725,2,4
726,1,5
727,1,5
728,3,13
729,1,3
730,1,5
731,3,8
732,6,24
733,5,14
734,2,6
735,7,21
736,2,5
737,1,3
738,1,3
739,3,8
740,4,12
741,2,2
742,2,4
743,4,6
744,7,25
745,2,2
746,6,23
747,1,3
748,1,3
749,2,2
750,1,5
751,2,5
752,2,6
753,3,9
754,4,12
755,2,4
756,2,2
757,1,3
758,2,3
759,2,5
760,2,4
761,2,3
762,4,13
763,1,4
764,6,13
765,2,5
766,4,16
767,1,3
768,2,5
769,1,4
770,2,10
771,2,4
772,1,5
773,4,6
774,1,3
775,1,2
776,1,3
777,2,12
778,2,2
779,2,5
780,1,4
781,1,4
782,2,7
783,2,5
784,1,4
785,2,2
786,2,3
787,1,5
788,2,3
789,1,3
790,7,12
791,1,2
792,1,5
793,2,5
794,1,2
795,3,11
796,1,3
797,2,2
798,4,12
799,1,3
800,1,2
801,2,4
802,2,3
803,1,5
804,1,3
805,1,3
806,2,2
807,1,3
808,4,29
809,1,4
810,5,24
811,1,4
812,4,9
813,2,3
814,1,2
815,3,9
816,3,10
817,2,3
818,1,2
819,1,2
820,6,18
821,1,2
822,2,10
823,4,8
824,2,11
825,1,5
826,2,4
827,4,23
828,1,3
829,4,8
830,2,3
831,2,9
832,1,5
833,2,4
834,2,12
835,2,3
836,4,13
837,2,5
838,2,3
839,1,5
840,2,4
841,2,4
842,4,7
843,4,7
844,1,3
845,2,4
846,3,8
847,2,13
848,3,8
849,2,7
850,1,2
851,1,2
852,2,2
853,1,2
854,3,6
855,1,4
856,7,13
857,4,11
858,3,13
859,5,25
860,2,5
861,3,7
862,2,5
863,1,5
864,3,7
865,2,2
866,7,29
867,4,11
868,4,6
869,1,3
870,3,9
871,2,2
872,3,10
873,1,4
874,4,13
875,1,5
876,2,3
877,2,3
878,2,5
879,3,9
880,1,5
881,1,3
882,1,5
883,1,5
884,1,2
885,4,9
886,2,4
887,2,3
888,1,2
889,1,5
890,2,5
891,2,2
892,3,10
893,2,2
894,1,4
895,2,4
896,1,2
897,6,22
898,1,3
899,6,17
900,2,4
901,2,3
902,1,5
903,2,4
904,1,4
905,1,3
906,2,3
907,2,2
908,2,4
909,2,3
910,2,9
911,1,4
912,4,6
913,2,5
914,2,2
915,1,2
916,2,5
917,1,2
918,1,2
919,1,2
920,2,2
921,2,6
922,2,4
923,2,3
924,2,4
925,4,12
926,2,3
927,2,3
928,7,27
929,4,10
930,1,3
931,1,5
932,3,9
933,4,8
934,2,5
935,1,2
936,2,4
937,1,3
938,2,8
939,2,4
940,6,28
941,3,12
942,2,3
943,2,2
944,2,4
945,2,2
946,2,6
947,1,5
948,1,3
949,1,4
950,4,12
951,1,5
952,2,4
953,3,8
954,2,5
955,4,9
956,2,4
957,5,27
958,2,2
959,2,2
960,1,2
961,2,2
962,2,5
963,2,3
964,6,22
965,4,29
966,2,2
967,2,5
968,1,2
969,2,6
970,2,5
971,1,2
972,2,6
973,2,13
974,2,5
975,6,26
976,6,21
977,2,3
978,2,2
979,5,15
980,1,5
981,1,5
982,2,5
983,3,6
984,2,10
985,1,2
986,7,15
987,4,13
988,3,13
989,1,4
990,1,4
991,3,11
992,2,3
993,4,8
994,4,8
995,2,2
996,2,10
997,2,4
998,2,5
999,2,4
1000,2,2
1001,2,3
1002,4,12
1003,4,12
1004,1,5
1005,3,7
1006,2,5
1007,1,3
1008,1,5
1009,2,3
1010,2,12
1011,2,4
1012,3,12
1013,3,10
1014,6,12
1015,2,5
1016,2,2
1017,1,5
1018,5,27
1019,2,2
1020,1,3
1021,1,5
1022,2,2
1023,1,2
1024,1,3
1025,2,3
1026,2,3
1027,2,3
1028,2,5
1029,2,5
1030,5,26
1031,1,5
1032,3,12
1033,1,4
1034,4,13
1035,2,4
1036,1,5
1037,2,2
1038,2,9
1039,1,2
1040,1,2
1041,1,4
1042,1,4
1043,1,2
1044,2,4
1045,1,3
1046,2,5
1047,4,8
1048,1,2
1049,1,2
1050,4,13
1051,2,4
1052,1,4
1053,4,6
1054,2,5
1055,1,2
1056,5,18
1057,6,15
1058,1,2
1059,1,2
1060,1,2
1061,1,5
1062,2,5
1063,2,2
1064,7,23
1065,3,9
1066,1,2
1067,1,2
1068,1,4
1069,1,3
1070,1,5
1071,3,7
1072,2,5
1073,4,12
1074,1,5
1075,1,5
1076,1,3
1077,2,4
1078,5,27
1079,2,7
1080,1,4
1081,1,2
1082,1,4
1083,6,29
1084,4,7
1085,2,3
1086,2,3
1087,2,2
1088,2,4
1089,1,5
1090,1,5
1091,4,18
1092,1,4
1093,2,5
1094,4,6
1095,1,5
1096,2,2
1097,1,3
1098,2,4
1099,1,4
1100,2,4
1101,3,12
1102,1,4
1103,2,8
1104,2,3
1105,2,8
1106,3,7
1107,2,8
1108,2,4
1109,4,10
1110,2,4
1111,3,9
1112,1,2
1113,1,2
1114,2,2
1115,2,9
1116,2,3
1117,5,20
1118,4,20
1119,2,2
1120,1,4
1121,2,7
1122,1,5
1123,1,5
1124,4,25
1125,6,21
1126,4,14
1127,2,5
1128,1,4
1129,2,3
1130,1,2
1131,1,4
1132,2,3
1133,1,4
1134,3,9
1135,3,12
1136,4,12
1137,2,2
1138,2,4
1139,3,12
1140,1,5
1141,1,5
1142,1,5
1143,1,2
1144,1,5
1145,3,13
1146,7,22
1147,2,4
1148,1,2
1149,2,13
1150,1,3
1151,1,4
1152,7,25
1153,3,13
1154,7,21
1155,1,2
1156,2,2
1157,4,12
1158,1,3
1159,2,6
1160,2,2
1161,3,7
1162,2,2
1163,2,3
1164,2,2
1165,4,7
1166,1,2
1167,1,2
1168,2,10
1169,1,5
1170,1,5
1171,2,2
1172,6,21
1173,1,5
1174,2,4
1175,4,12
1176,1,2
1177,2,5
1178,2,4
1179,2,6
1180,2,4
1181,4,10
1182,4,12
1183,1,4
1184,2,13
1185,2,2
1186,2,4
1187,2,2
1188,6,17
1189,1,3
1190,1,3
1191,2,2
1192,1,5
1193,1,2
1194,1,2
1195,2,3
1196,1,5
1197,1,4
1198,2,2
1199,3,7
1200,6,12
1201,1,2
1202,2,5
1203,5,20
1204,4,6
1205,2,4
1206,1,5
1207,2,2
1208,1,5
1209,1,5
1210,7,26
1211,2,2
1212,2,6
1213,3,11
1214,2,12
1215,4,11
1216,7,26
1217,1,2
1218,5,25
1219,2,7
1220,1,3
1221,4,7
1222,2,12
1223,4,20
1224,2,2
1225,2,3
1226,1,2
1227,1,2
1228,1,4
1229,2,2
1230,2,10
1231,1,2
1232,2,5
1233,2,5
1234,1,2
1235,2,3
1236,1,5
1237,2,4
1238,2,4
1239,2,4
1240,2,2
1241,1,3
1242,1,4
1243,2,3
1244,2,12
1245,4,7
1246,1,2
1247,2,2
1248,3,12
1249,1,4
1250,4,9
1251,6,14
1252,4,13
1253,2,13
1254,2,10
1255,1,2
1256,4,9
1257,4,8
1258,3,9
1259,2,4
1260,2,2
1261,4,8
1262,2,5
1263,3,12
1264,6,15
1265,2,10
1266,6,28
1267,4,9
1268,2,5
1269,2,7
1270,2,3
1271,2,3
1272,1,3
1273,1,4
1274,2,2
1275,2,2
1276,2,3
1277,3,8
1278,2,5
1279,2,5
1280,4,10
1281,2,10
1282,5,19
1283,1,4
1284,3,9
1285,1,3
1286,1,3
1287,2,4
1288,1,2
1289,2,4
1290,1,4
1291,2,5
1292,2,9
1293,3,9
1294,1,5
1295,1,2
1296,1,2
1297,7,25
1298,1,4
1299,1,3
1300,2,5
1301,2,4
1302,1,5
1303,1,4
1304,2,6
1305,4,13
1306,2,8
1307,2,4
1308,2,5
1309,6,28
1310,2,6
1311,2,4
1312,2,2
1313,2,4
1314,1,3
1315,3,6
1316,7,23
1317,2,5
1318,1,3
1319,4,11
1320,2,2
1321,5,23
1322,4,13
1323,6,28
1324,2,5
1325,2,5
1326,2,5
1327,2,3
1328,1,3
1329,7,13
1330,2,8
1331,4,8
1332,2,2
1333,4,13
1334,2,10
1335,1,2
1336,6,29
1337,1,3
1338,2,5
1339,2,2
1340,4,6
1341,1,3
1342,2,5
1343,1,2
1344,1,4
1345,1,2
1346,1,5
1347,2,5
1348,2,5
1349,3,11
1350,1,2
1351,2,12
1352,2,3
1353,2,2
1354,1,5
1355,2,2
1356,1,5
1357,3,9
1358,7,28
1359,2,4
1360,2,2
1361,5,25
1362,1,5
1363,2,5
1364,7,29
1365,6,18
1366,1,5
1367,2,3
1368,2,2
1369,4,11
1370,5,17
1371,2,4
1372,4,10
1373,2,11
1374,3,11
1375,4,8
1376,4,7
1377,2,5
1378,1,5
1379,4,6
1380,2,2
1381,1,4
1382,4,7
1383,2,12
1384,6,18
1385,2,5
1386,2,3
1387,2,5
1388,4,24
1389,2,4
1390,2,9
1391,3,6
1392,1,2
1393,7,24
1394,2,6
1395,1,2
1396,1,4
1397,1,2
1398,2,4
1399,2,11
1400,6,19
1401,1,2
1402,2,4
1403,2,2
1404,2,5
1405,1,3
1406,1,2
1407,2,5
1408,2,7
1409,3,12
1410,1,3
1411,4,9
1412,3,11
1413,2,13
1414,1,3
1415,4,7
1416,3,7
1417,1,5
1418,1,3
1419,4,26
1420,2,6
1421,5,26
1422,3,13
1423,1,2
1424,2,4
1425,2,4
1426,6,28
1427,1,2
1428,1,5
1429,4,8
1430,3,9
1431,1,5
1432,2,3
1433,1,5
1434,1,4
1435,2,11
1436,2,5
1437,4,9
1438,3,8
1439,3,7
1440,1,2
1441,1,2
1442,1,3
1443,2,3
1444,4,7
1445,2,3
1446,2,10
1447,2,5
1448,2,4
1449,5,12
1450,1,4
1451,2,2
1452,2,3
1453,2,2
1454,4,6
1455,1,3
1456,2,5
1457,2,3
1458,7,16
1459,1,4
1460,2,4
1461,2,2
1462,2,4
1463,1,5
1464,2,3
1465,2,2
1466,1,2
1467,2,4
1468,7,28
1469,3,6
1470,1,5
1471,1,5
1472,3,7
1473,2,10
1474,2,4
1475,3,7
1476,1,4
1477,1,2
1478,4,14
1479,3,12
1480,2,7
1481,2,2
1482,1,3
1483,2,2
1484,2,5
1485,1,3
1486,1,2
1487,2,5
1488,1,5
1489,2,13
1490,4,21
1491,1,4
1492,1,5
1493,2,3
1494,7,14
1495,1,3
1496,2,13
1497,2,13
1498,2,4
1499,1,2
1500,7,19
1501,1,2
1502,4,12
1503,5,24
1504,2,5
1505,4,8
1506,4,14
1507,3,11
1508,2,5
1509,2,2
1510,2,2
1511,4,11
1512,2,7
1513,2,5
1514,2,3
1515,1,2
1516,2,8
1517,3,8
1518,7,20
1519,4,10
1520,4,6
1521,3,9
1522,1,2
1523,2,3
1524,6,12
1525,3,6
1526,2,5
1527,1,2
1528,2,3
1529,2,3
1530,1,3
1531,1,2
1532,2,5
1533,2,5
1534,2,13
1535,2,3
1536,1,5
1537,2,2
1538,2,2
1539,2,4
1540,4,11
1541,2,12
1542,1,4
1543,2,3
1544,1,3
1545,7,14
1546,7,16
1547,2,4
1548,3,11
1549,4,6
1550,3,8
1551,2,8
1552,5,13
1553,2,2
1554,2,5
1555,4,6
1556,4,12
1557,4,11
1558,1,4
1559,1,2
1560,1,5
1561,2,5
1562,2,3
1563,6,28
1564,1,2
1565,4,7
1566,2,3
1567,3,11
1568,2,4
1569,4,8
1570,2,3
1571,1,3
1572,2,5
1573,1,5
1574,7,29
1575,3,6
1576,5,13
1577,3,13
1578,7,21
1579,2,8
1580,2,4
1581,2,2
1582,2,5
1583,2,2
1584,2,4
1585,2,3
1586,3,8
1587,1,2
1588,1,4
1589,3,9
1590,3,6
1591,5,22
1592,2,3
1593,2,3
1594,1,2
1595,2,3
1596,1,2
1597,2,3
1598,5,25
1599,2,4
1600,2,2
1601,1,3
1602,2,13
1603,1,5
1604,1,5
1605,1,3
1606,2,4
1607,2,2
1608,1,3
1609,2,2
1610,3,6
1611,2,3
1612,4,8
1613,1,5
1614,1,2
1615,1,2
1616,2,3
1617,2,2
1618,2,3
1619,3,6
1620,2,12
1621,3,8
1622,2,5
1623,2,5
1624,2,4
1625,4,13
1626,2,5
1627,2,5
1628,4,8
1629,1,5
1630,2,3
1631,2,5
1632,1,3
1633,5,21
1634,1,5
1635,4,13
1636,1,5
1637,2,3
1638,2,8
1639,1,2
1640,2,2
1641,1,4
1642,1,4
1643,3,11
1644,3,11
1645,3,9
1646,3,13
1647,2,2
1648,2,2
1649,4,7
1650,5,13
1651,2,5
1652,1,4
1653,1,3
1654,1,5
1655,2,5
1656,1,2
1657,2,4
1658,3,6
1659,2,12
1660,6,18
1661,1,2
1662,2,2
1663,1,3
1664,1,4
1665,1,3
1666,4,8
1667,1,5
1668,6,28
1669,4,13
1670,4,10
1671,4,9
1672,2,5
1673,4,7
1674,2,2
1675,3,11
1676,1,5
1677,2,4
1678,2,4
1679,1,5
1680,1,2
1681,2,2
1682,2,10
1683,1,4
1684,1,3
1685,2,2
1686,2,3
1687,1,2
1688,3,6
1689,1,2
1690,1,3
1691,1,3
1692,1,3
1693,1,5
1694,4,8
1695,2,5
1696,1,4
1697,1,5
1698,2,4
1699,3,11
1700,2,4
1701,1,2
1702,2,7
1703,2,5
1704,3,10
1705,2,2
1706,2,3
1707,3,6
1708,4,11
1709,1,4
1710,4,7
1711,2,3
1712,1,5
1713,2,2
1714,1,5
1715,4,9
1716,1,5
1717,2,5
1718,2,9
1719,1,2
1720,1,2
1721,1,2
1722,2,5
1723,3,6
1724,1,5
1725,2,2
1726,4,10
1727,1,2
1728,1,2
1729,3,11
1730,2,2
1731,1,2
1732,1,3
1733,2,4
1734,1,4
1735,1,3
1736,3,8
1737,1,2
1738,2,5
1739,4,13
1740,1,2
1741,3,10
1742,1,4
1743,2,3
1744,7,13
1745,2,2
1746,6,21
1747,2,5
1748,1,5
1749,1,3
1750,2,2
1751,4,11
1752,3,12
1753,4,6
1754,2,2
1755,2,2
1756,4,9
1757,1,2
1758,3,6
1759,2,5
1760,1,5
1761,4,9
1762,2,10
1763,3,10
1764,1,5
1765,2,5
1766,1,4
1767,2,5
1768,1,3
1769,2,12
1770,1,5
1771,1,5
1772,2,5
1773,5,19
1774,2,3
1775,4,9
1776,7,12
1777,4,12
1778,6,16
1779,2,7
1780,2,4
1781,1,5
1782,1,4
1783,1,5
1784,2,7
1785,2,3
1786,3,12
1787,2,4
1788,2,4
1789,6,21
1790,2,2
1791,3,8
1792,2,9
1793,2,3
1794,1,4
1795,2,3
1796,4,12
1797,1,3
1798,2,3
1799,3,8
1800,2,5
1801,4,11
1802,2,13
1803,2,13
1804,3,11
1805,1,3
1806,7,25
1807,1,5
1808,2,3
1809,1,3
1810,6,17
1811,2,7
1812,4,8
1813,2,3
1814,3,9
1815,2,13
1816,4,10
1817,2,4
1818,1,4
1819,1,2
1820,1,5
1821,2,5
1822,2,3
1823,2,2
1824,2,5
1825,1,2
1826,7,20
1827,2,4
1828,1,5
1829,2,5
1830,1,3
1831,6,18
1832,1,5
1833,1,3
1834,4,23
1835,2,4
1836,1,4
1837,2,4
1838,2,4
1839,4,18
1840,1,2
1841,7,25
1842,4,15
1843,2,3
1844,1,3
1845,1,5
1846,1,3
1847,2,5
1848,1,4
1849,1,4
1850,7,29
1851,2,3
1852,4,12
1853,3,12
1854,2,5
1855,1,3
1856,1,3
1857,1,2
1858,2,4
1859,1,4
1860,1,3
1861,7,20
1862,1,5
1863,1,5
1864,2,4
1865,2,2
1866,2,2
1867,5,23
1868,2,4
1869,2,3
1870,2,2
1871,2,3
1872,1,4
1873,1,5
1874,1,2
1875,1,3
1876,1,2
1877,2,2
1878,2,2
1879,5,22
1880,1,3
1881,4,6
1882,2,3
1883,2,4
1884,1,2
1885,1,2
1886,2,2
1887,1,3
1888,4,7
1889,3,10
1890,2,3
1891,1,3
1892,4,6
1893,2,10
1894,2,5
1895,4,9
1896,2,2
1897,2,4
1898,1,2
1899,2,10
1900,6,16
1901,4,28
1902,1,2
1903,5,16
1904,2,2
1905,2,2
1906,1,5
1907,2,5
1908,2,5
1909,1,4
1910,6,17
1911,2,4
1912,2,4
1913,4,27
1914,1,2
1915,1,2
1916,4,13
1917,1,2
1918,2,11
1919,1,3
1920,4,12
1921,2,5
1922,2,3
1923,1,4
1924,2,2
1925,4,12
1926,7,14
1927,3,7
1928,1,4
1929,4,27
1930,2,2
1931,2,5
1932,1,2
1933,1,5
1934,2,6
1935,1,5
1936,1,2
1937,2,11
1938,4,18
1939,2,8
1940,2,2
1941,2,5
1942,2,5
1943,1,3
1944,6,21
1945,5,26
1946,2,7
1947,2,4
1948,2,13
1949,5,13
1950,1,5
1951,2,4
1952,3,13
1953,1,5
1954,5,26
1955,1,2
1956,3,11
1957,2,10
1958,1,4
1959,3,10
1960,1,2
1961,1,4
1962,1,5
1963,1,3
1964,2,6
1965,7,28
1966,2,3
1967,2,3
1968,2,3
1969,2,10
1970,7,23
1971,2,4
1972,1,5
1973,1,5
1974,2,3
1975,3,12
1976,2,3
1977,2,10
1978,2,6
1979,4,7
1980,2,12
1981,4,15
1982,4,19
1983,2,5
1984,2,3
1985,2,2
1986,4,12
1987,2,4
1988,1,5
1989,1,5
1990,3,6
1991,2,4
1992,2,3
1993,2,2
1994,4,11
1995,2,2
1996,1,3
1997,2,11
1998,2,3
1999,1,4
2000,2,5
2001,1,4
2002,2,11
2003,1,5
2004,2,3
2005,3,10
2006,2,9
2007,2,4
2008,1,3
2009,2,13
2010,2,8
2011,1,2
2012,2,7
2013,1,4
2014,1,5
2015,2,2
2016,1,3
2017,2,4
2018,2,2
2019,2,2
2020,1,4
2021,1,3
2022,1,4
2023,4,10
2024,1,2
2025,3,13
2026,1,3
2027,2,4
2028,1,3
2029,6,25
2030,2,2
2031,2,5
2032,1,4
2033,6,18
2034,7,23
2035,1,2
2036,1,2
2037,1,4
2038,1,5
2039,1,3
2040,4,7
2041,2,9
2042,2,4
2043,1,3
2044,2,3
2045,1,5
2046,2,2
2047,2,3
2048,1,2
2049,2,3
2050,3,8
2051,1,2
2052,1,4
2053,2,2
2054,1,5
2055,7,27
2056,4,11
2057,2,4
2058,3,10
2059,2,4
2060,6,13
2061,2,4
2062,1,5
2063,1,5
2064,3,6
2065,2,5
2066,3,12
2067,1,5
2068,7,28
2069,2,4
2070,4,19
2071,1,2
2072,2,2
2073,5,27
2074,5,12
2075,3,12
2076,2,3
2077,2,4
2078,2,4
2079,2,2
2080,2,3
2081,1,5
2082,2,10
2083,3,8
2084,2,3
2085,2,2
2086,2,4
2087,4,12
2088,2,5
2089,1,5
2090,2,3
2091,2,4
2092,3,8
2093,3,9
2094,2,4
2095,2,5
2096,7,18
2097,1,5
2098,3,9
2099,3,11
2100,3,8
2101,1,4
2102,2,5
2103,6,18
2104,1,5
2105,2,3
2106,1,3
2107,2,5
2108,4,6
2109,2,3
2110,4,12
2111,4,13
2112,1,5
2113,2,3
2114,4,13
2115,1,3
2116,4,21
2117,4,12
2118,2,2
2119,4,6
2120,2,2
2121,2,2
2122,4,11
2123,2,13
2124,2,2
2125,2,5
2126,2,3
2127,1,3
2128,1,2
2129,1,4
2130,2,2
2131,6,19
2132,2,2
2133,2,3
2134,3,7
2135,4,9
2136,7,12
2137,1,4
2138,2,5
2139,1,4
2140,1,4
2141,2,3
2142,1,4
2143,1,3
2144,2,5
2145,3,7
2146,2,5
2147,4,10
2148,1,4
2149,1,5
2150,2,2
2151,1,2
2152,2,5
2153,2,11
2154,4,9
2155,2,4
2156,2,2
2157,6,19
2158,2,4
2159,2,3
2160,1,4
2161,2,10
2162,1,3
2163,1,2
2164,2,2
2165,1,4
2166,1,3
2167,4,6
2168,1,4
2169,1,4
2170,1,3
2171,2,5
2172,3,13
2173,2,2
2174,1,5
2175,2,3
2176,2,5
2177,2,3
2178,4,6
2179,1,5
2180,4,11
2181,3,11
2182,2,11
2183,1,4
2184,1,2
2185,7,22
2186,2,8
2187,3,11
2188,1,2
2189,1,5
2190,2,12
2191,1,3
2192,2,2
2193,2,2
2194,2,3
2195,2,4
2196,1,5
2197,2,2
2198,2,5
2199,1,2
2200,2,2
2201,4,10
2202,1,4
2203,1,4
2204,2,11
2205,4,23
2206,1,5
2207,2,3
2208,2,4
2209,1,5
2210,3,7
2211,5,24
2212,5,23
2213,2,4
2214,2,5
2215,6,24
2216,2,4
2217,2,4
2218,2,11
2219,1,4
2220,2,3
2221,2,8
2222,2,2
2223,2,2
2224,1,2
2225,1,2
2226,2,2
2227,2,5
2228,1,2
2229,3,12
2230,1,3
2231,4,13
2232,1,4
2233,4,6
2234,1,2
2235,2,4
2236,3,13
2237,2,3
2238,1,3
2239,1,3
2240,3,7
2241,2,2
2242,2,5
2243,2,2
2244,1,5
2245,1,3
2246,1,4
2247,1,4
2248,1,2
2249,4,8
2250,2,6
2251,2,6
2252,2,5
2253,5,17
2254,1,3
2255,6,21
2256,1,3
2257,1,4
2258,2,3
2259,1,3
2260,2,6
2261,2,10
2262,4,25
2263,2,2
2264,1,4
2265,1,4
2266,6,25
2267,1,4
2268,4,8
2269,2,4
2270,2,4
2271,4,20
2272,2,4
2273,1,4
2274,1,2
2275,4,6
2276,1,5
2277,1,3
2278,1,5
2279,2,2
2280,1,2
2281,2,2
2282,5,19
2283,5,17
2284,1,4
2285,4,7
2286,1,4
2287,1,5
2288,1,2
2289,2,4
2290,2,4
2291,1,2
2292,3,6
2293,2,3
2294,2,12
2295,1,2
2296,1,3
2297,2,5
2298,2,4
2299,2,9
2300,4,10
2301,1,2
2302,3,12
2303,5,23
2304,1,2
2305,2,4
2306,2,8
2307,2,4
2308,3,6
2309,1,2
2310,1,4
2311,1,3
2312,1,4
2313,5,18
2314,1,4
2315,1,3
2316,4,15
2317,2,2
2318,2,2
2319,1,5
2320,2,4
2321,1,4
2322,2,2
2323,1,4
2324,4,29
2325,2,4
2326,1,5
2327,1,2
2328,4,10
2329,2,3
2330,3,8
2331,1,3
2332,4,27
2333,1,2
2334,2,6
2335,1,3
2336,4,11
2337,2,3
2338,1,4
2339,2,2
2340,2,8
2341,4,13
2342,1,4
2343,2,3
2344,1,5
2345,4,9
2346,2,8
2347,3,12
2348,1,3
2349,4,21
2350,4,9
2351,2,3
2352,2,2
2353,2,2
2354,2,5
2355,2,4
2356,1,4
2357,2,2
2358,2,4
2359,2,3
2360,2,2
2361,3,13
2362,2,4
2363,1,5
2364,1,5
2365,3,12
2366,3,8
2367,2,2
2368,5,23
2369,1,5
2370,7,24
2371,1,5
2372,1,3
2373,1,4
2374,1,4
2375,2,3
2376,4,10
2377,4,10
2378,1,5
2379,1,5
2380,2,2
2381,1,5
2382,2,3
2383,2,4
2384,3,11
2385,2,4
2386,1,4
2387,1,5
2388,1,5
2389,1,4
2390,4,9
2391,1,3
2392,2,2
2393,2,13
2394,2,5
2395,3,9
2396,1,2
2397,1,3
2398,2,8
2399,3,7
2400,1,5
2401,2,2
2402,2,11
2403,1,5
2404,1,5
2405,2,8
2406,1,2
2407,4,12
2408,2,11
2409,4,12
2410,3,11
2411,1,5
2412,1,2
2413,2,2
2414,2,13
2415,4,10
2416,1,4
2417,1,3
2418,4,25
2419,2,3
2420,1,4
2421,4,11
2422,7,20
2423,3,7
2424,4,8
2425,2,2
2426,3,9
2427,2,2
2428,3,12
2429,1,2
2430,1,3
2431,2,4
2432,2,5
2433,3,11
2434,5,22
2435,3,8
2436,3,13
2437,1,5
2438,3,12
2439,2,13
2440,4,9
2441,2,3
2442,2,4
2443,4,10
2444,2,3
2445,4,12
2446,6,14
2447,2,4
2448,4,10
2449,4,12
2450,3,10
2451,2,5
2452,3,10
2453,2,2
2454,1,2
2455,3,12
2456,4,9
2457,3,11
2458,1,3
2459,1,2
2460,4,18
2461,2,3
2462,4,11
2463,3,10
2464,2,6
2465,2,4
2466,4,7
2467,3,10
2468,2,5
2469,2,5
2470,1,5
2471,2,2
2472,2,8
2473,4,13
2474,7,19
2475,1,5
2476,3,10
2477,1,2
2478,2,6
2479,1,5
2480,6,12
2481,3,10
2482,4,18
2483,3,6
2484,3,7
2485,1,2
2486,2,6
2487,1,3
2488,1,3
2489,2,2
2490,2,8
2491,2,5
2492,1,3
2493,2,8
2494,5,16
2495,4,10
2496,1,3
2497,2,3
2498,1,4
2499,2,2
2500,2,3
2501,6,29
2502,2,4
2503,2,2
2504,1,3
2505,1,5
2506,1,3
2507,2,3
2508,7,28
2509,1,5
2510,2,4
2511,2,4
2512,1,2
2513,1,4
2514,1,4
2515,2,3
2516,2,4
2517,1,5
2518,2,3
2519,1,4
2520,1,5
2521,1,3
2522,2,5
2523,2,2
2524,2,2
2525,2,4
2526,2,5
2527,2,3
2528,6,23
2529,2,13
2530,2,6
2531,2,10
2532,5,14
2533,4,9
2534,1,5
2535,1,3
2536,2,3
2537,4,6
2538,6,15
2539,1,4
2540,2,6
2541,2,5
2542,2,2
2543,1,4
2544,1,5
2545,2,4
2546,3,9
2547,3,13
2548,3,8
2549,1,3
2550,4,8
2551,2,4
2552,1,2
2553,3,12
2554,1,4
2555,2,2
2556,2,3
2557,4,12
2558,1,2
2559,2,3
2560,2,7
2561,4,8
2562,4,7
2563,2,4
2564,2,3
2565,1,3
2566,1,3
2567,3,12
2568,1,3
2569,1,5
2570,2,6
2571,2,10
2572,4,13
2573,3,7
2574,4,9
2575,3,8
2576,2,2
2577,6,12
2578,2,5
2579,2,5
2580,2,2
2581,2,6
2582,7,28
2583,2,2
2584,2,5
2585,3,11
2586,5,24
2587,2,3
2588,2,2
2589,2,8
2590,1,3
2591,4,12
2592,2,5
2593,2,4
2594,1,5
2595,2,2
2596,2,5
2597,1,2
2598,3,6
2599,1,2
2600,6,26
2601,2,4
2602,4,6
2603,2,2
2604,2,3
2605,1,5
2606,2,3
2607,2,8
2608,3,13
2609,2,12
2610,2,5
2611,4,13
2612,1,5
2613,6,18
2614,4,10
2615,1,4
2616,1,5
2617,1,4
2618,3,8
2619,1,3
2620,3,9
2621,1,4
2622,2,5
2623,1,4
2624,2,3
2625,2,12
2626,2,2
2627,1,5
2628,2,3
2629,1,4
2630,4,7
2631,2,4
2632,4,9
2633,4,12
2634,2,7
2635,2,2
2636,1,3
2637,4,10
2638,4,6
2639,3,9
2640,2,3
2641,1,4
2642,1,2
2643,4,7
2644,1,5
2645,2,4
2646,4,12
2647,2,4
2648,2,3
2649,2,3
2650,2,4
2651,1,5
2652,2,4
2653,1,4
2654,1,5
2655,2,5
2656,4,9
2657,1,4
2658,1,5
2659,2,3
2660,2,5
2661,2,4
2662,1,2
2663,2,6
2664,2,3
2665,4,6
2666,2,2
2667,2,2
2668,2,3
2669,4,10
2670,1,4
2671,2,2
2672,2,5
2673,2,2
2674,4,20
2675,2,4
2676,3,11
2677,2,7
2678,1,2
2679,1,4
2680,2,2
2681,1,3
2682,2,3
2683,2,5
2684,3,9
2685,2,12
2686,2,12
2687,1,3
2688,1,3
2689,2,3
2690,4,10
2691,7,23
2692,2,5
2693,1,3
2694,2,3
2695,2,9
2696,1,4
2697,1,3
2698,4,29
2699,3,8
2700,1,3
2701,5,23
2702,2,5
2703,1,4
2704,2,5
2705,4,8
2706,4,12
2707,1,5
2708,5,19
2709,1,4
2710,2,8
2711,2,4
2712,1,5
2713,2,3
2714,4,10
2715,2,3
2716,4,8
2717,2,5
2718,4,8
2719,2,3
2720,1,2
2721,1,3
2722,4,13
2723,2,5
2724,2,3
2725,4,12
2726,4,8
2727,1,5
2728,4,27
2729,3,10
2730,1,5
2731,2,5
2732,3,7
2733,2,11
2734,2,2
2735,2,5
2736,2,2
2737,1,4
2738,1,4
2739,2,2
2740,2,9
2741,2,8
2742,2,5
2743,1,3
2744,1,2
2745,2,4
2746,6,29
2747,2,6
2748,1,4
2749,1,3
2750,1,2
2751,2,4
2752,1,5
2753,3,7
2754,3,11
2755,2,5
2756,4,11
2757,4,7
2758,4,6
2759,6,23
2760,2,3
2761,2,5
2762,2,10
2763,4,10
2764,5,17
2765,2,2
2766,2,2
2767,2,4
2768,2,5
2769,2,2
2770,2,4
2771,2,5
2772,2,2
2773,2,4
2774,1,2
2775,1,3
2776,1,5
2777,6,28
2778,2,4
2779,1,4
2780,3,7
2781,2,3
2782,3,8
2783,2,5
2784,5,24
2785,1,5
2786,6,23
2787,2,11
2788,2,2
2789,4,9
2790,1,2
2791,2,3
2792,2,5
2793,6,22
2794,2,2
2795,2,5
2796,4,11
2797,1,4
2798,2,5
2799,2,10
2800,2,10
2801,1,3
2802,5,14
2803,1,3
2804,1,3
2805,1,5
2806,2,3
2807,2,5
2808,1,3
2809,3,9
2810,1,5
2811,4,9
2812,1,4
2813,5,15
2814,1,5
2815,2,4
2816,2,4
2817,2,8
2818,4,12
2819,1,5
2820,1,5
2821,1,3
2822,7,17
2823,6,26
2824,4,13
2825,4,12
2826,4,23
2827,2,3
2828,3,12
2829,4,9
2830,7,19
2831,1,4
2832,1,4
2833,1,5
2834,3,10
2835,1,2
2836,2,4
2837,2,3
2838,1,4
2839,2,5
2840,1,4
2841,5,14
2842,3,6
2843,2,3
2844,4,7
2845,2,7
2846,1,4
2847,1,2
2848,1,4
2849,1,3
2850,2,8
2851,2,2
2852,2,5
2853,6,20
2854,1,3
2855,3,11
2856,2,3
2857,1,4
2858,1,2
2859,2,4
2860,2,3
2861,2,2
2862,2,5
2863,4,7
2864,2,2
2865,2,10
2866,2,3
2867,1,5
2868,4,6
2869,1,2
2870,1,5
2871,1,3
2872,3,6
2873,1,3
2874,2,4
2875,1,4
2876,3,13
2877,1,3
2878,1,2
2879,2,5
2880,2,4
2881,2,3
2882,3,9
2883,2,5
2884,1,3
2885,6,20
2886,1,2
2887,2,2
2888,1,3
2889,2,4
2890,1,5
2891,2,3
2892,5,16
2893,2,9
2894,3,9
2895,1,5
2896,1,5
2897,2,5
2898,1,3
2899,3,10
2900,2,2
2901,4,11
2902,2,4
2903,2,2
2904,1,4
2905,2,4
2906,3,8
2907,4,18
2908,1,2
2909,1,2
2910,1,3
2911,4,10
2912,1,3
2913,3,12
2914,2,3
2915,2,3
2916,4,6
2917,1,3
2918,2,4
2919,1,2
2920,1,2
2921,1,2
2922,1,5
2923,4,29
2924,7,24
2925,3,13
2926,1,5
2927,2,11
2928,1,4
2929,2,5
2930,1,4
2931,1,4
2932,1,2
2933,1,2
2934,5,13
2935,2,3
2936,6,16
2937,2,4
2938,1,4
2939,2,5
2940,2,10
2941,2,3
2942,1,5
2943,1,4
2944,1,2
2945,4,11
2946,2,3
2947,2,4
2948,3,12
2949,2,4
2950,4,12
2951,3,7
2952,7,12
2953,2,3
2954,2,4
2955,1,2
2956,2,7
2957,2,2
2958,2,3
2959,2,6
2960,1,3
2961,3,7
2962,3,9
2963,1,4
2964,1,5
2965,1,3
2966,6,26
2967,1,3
2968,1,5
2969,3,10
2970,4,22
2971,3,13
2972,1,5
2973,2,3
2974,1,4
2975,1,2
2976,3,13
2977,3,7
2978,2,8
2979,4,13
2980,1,5
2981,1,2
2982,1,5
2983,2,2
2984,2,13
2985,1,3
2986,4,11
2987,3,11
2988,1,4
2989,1,4
2990,1,3
2991,2,3
2992,3,7
2993,2,2
2994,4,7
2995,2,12
2996,1,2
2997,3,11
2998,3,12
2999,4,6
3000,2,2
3001,1,4
3002,1,4
3003,2,2
3004,4,8
3005,2,6
3006,4,20
3007,1,2
3008,2,2
3009,2,11
3010,1,4
3011,1,3
3012,2,3
3013,1,3
3014,1,3
3015,2,2
3016,1,2
3017,4,6
3018,1,5
3019,4,24
3020,1,3
3021,4,19
3022,1,5
3023,2,5
3024,2,2
3025,3,11
3026,1,2
3027,2,4
3028,7,23
3029,1,4
3030,1,5
3031,2,5
3032,2,4
3033,1,4
3034,2,2
3035,5,22
3036,4,11
3037,2,4
3038,1,2
3039,6,23
3040,3,13
3041,7,13
3042,1,2
3043,4,13
3044,4,11
3045,2,5
3046,2,2
3047,1,4
3048,2,3
3049,3,8
3050,4,10
3051,4,6
3052,2,13
3053,2,5
3054,1,3
3055,2,9
3056,2,5
3057,2,2
3058,2,2
3059,2,3
3060,4,8
3061,1,3
3062,1,2
3063,7,12
3064,2,7
3065,3,11
3066,2,4
3067,2,6
3068,4,13
3069,2,2
3070,5,23
3071,2,5
3072,5,23
3073,1,4
3074,1,5
3075,2,3
3076,1,4
3077,2,3
3078,5,25
3079,7,23
3080,5,22
3081,1,4
3082,7,19
3083,1,2
3084,3,13
3085,2,5
3086,1,2
3087,4,21
3088,4,17
3089,2,11
3090,2,6
3091,2,5
3092,4,10
3093,1,4
3094,2,5
3095,2,2
3096,2,5
3097,3,6
3098,2,4
3099,1,4
3100,2,4
3101,1,3
3102,3,8
3103,3,11
3104,2,5
3105,1,5
3106,2,5
3107,3,6
3108,1,2
3109,2,3
3110,3,11
3111,1,3
3112,3,6
3113,1,2
3114,2,9
3115,2,4
3116,2,4
3117,1,2
3118,4,12
3119,4,14
3120,2,3
3121,2,13
3122,4,10
3123,6,16
3124,2,7
3125,1,5
3126,3,6
3127,1,3
3128,1,3
3129,2,2
3130,6,16
3131,4,17
3132,3,12
3133,7,16
3134,4,10
3135,2,5
3136,2,4
3137,1,2
3138,1,2
3139,2,4
3140,2,2
3141,3,8
3142,4,12
3143,1,5
3144,6,13
3145,2,3
3146,2,7
3147,1,5
3148,2,2
3149,6,23
3150,2,5
3151,2,5
3152,2,2
3153,3,10
3154,7,21
3155,1,4
3156,3,10
3157,2,2
3158,1,5
3159,1,2
3160,4,12
3161,1,3
3162,2,2
3163,2,3
3164,2,2
3165,2,7
3166,2,2
3167,1,5
3168,2,3
3169,2,5
3170,2,9
3171,2,2
3172,2,5
3173,2,5
3174,2,2
3175,4,9
3176,4,7
3177,2,3
3178,2,4
3179,3,8
3180,3,12
3181,2,4
3182,3,13
3183,4,11
3184,1,4
3185,2,5
3186,3,6
3187,2,3
3188,3,10
3189,4,12
3190,3,12
3191,1,4
3192,2,3
3193,1,2
3194,4,6
3195,4,11
3196,2,8
3197,2,4
3198,7,15
3199,5,12
3200,2,5
3201,2,2
3202,4,6
3203,4,9
3204,7,20
3205,1,5
3206,2,5
3207,4,13
3208,2,12
3209,3,12
3210,4,21
3211,1,5
3212,3,7
3213,1,4
3214,1,4
3215,2,5
3216,4,12
3217,4,22
3218,1,5
3219,1,5
3220,3,6
3221,2,5
3222,7,27
3223,2,4
3224,2,2
3225,2,2
3226,1,2
3227,1,4
3228,1,3
3229,2,5
3230,2,2
3231,6,12
3232,1,4
3233,2,4
3234,2,10
3235,3,11
3236,1,4
3237,3,6
3238,2,11
3239,4,12
3240,2,3
3241,2,6
3242,1,3
3243,1,2
3244,2,12
3245,1,5
3246,7,27
3247,1,2
3248,1,5
3249,4,15
3250,1,5
3251,6,26
3252,4,21
3253,4,12
3254,2,3
3255,1,4
3256,3,6
3257,4,7
3258,2,4
3259,7,26
3260,4,7
3261,5,25
3262,1,3
3263,2,3
3264,2,4
3265,2,5
3266,4,11
3267,1,3
3268,5,17
3269,2,3
3270,1,3
3271,2,3
3272,2,5
3273,1,5
3274,2,5
3275,2,10
3276,2,2
3277,2,4
3278,2,13
3279,1,5
3280,1,5
3281,1,3
3282,1,3
3283,3,12
3284,2,5
3285,3,11
3286,5,27
3287,2,5
3288,4,29
3289,1,3
3290,1,2
3291,1,3
3292,2,2
3293,1,3
3294,2,5
3295,4,11
3296,3,12
3297,1,5
3298,4,12
3299,4,21
3300,1,3
3301,1,3
3302,2,2
3303,2,3
3304,2,4
3305,1,2
3306,3,7
3307,1,2
3308,1,2
3309,2,5
3310,2,2
3311,2,2
3312,2,5
3313,4,21
3314,2,4
3315,2,2
3316,2,4
3317,2,6
3318,4,12
3319,2,5
3320,1,2
3321,1,2
3322,1,3
3323,5,17
3324,1,3
3325,4,7
3326,1,3
3327,2,5
3328,3,10
3329,1,4
3330,6,29
3331,2,5
3332,1,5
3333,2,7
3334,1,4
3335,2,3
3336,1,5
3337,3,8
3338,1,5
3339,1,2
3340,1,5
3341,1,3
3342,7,28
3343,1,4
3344,2,12
3345,2,4
3346,4,9
3347,3,11
3348,6,14
3349,2,4
3350,1,4
3351,2,10
3352,1,4
3353,2,5
3354,5,15
3355,1,5
3356,5,18
3357,1,5
3358,2,6
3359,1,4
3360,2,3
3361,7,29
3362,1,2
3363,3,6
3364,2,8
3365,1,4
3366,7,28
3367,1,2
3368,4,10
3369,2,3
3370,3,11
3371,2,4
3372,1,3
3373,1,5
3374,2,2
3375,2,4
3376,1,3
3377,2,4
3378,2,3
3379,1,4
3380,1,2
3381,2,2
3382,2,2
3383,4,7
3384,4,12
3385,1,4
3386,4,12
3387,2,5
3388,4,7
3389,1,2
3390,2,2
3391,4,8
3392,4,8
3393,1,5
3394,2,3
3395,2,8
3396,3,12
3397,3,11
3398,1,4
3399,1,2
3400,1,3
3401,2,2
3402,2,5
3403,3,12
3404,1,4
3405,3,11
3406,2,5
3407,1,3
3408,1,5
3409,1,3
3410,3,7
3411,2,4
3412,1,4
3413,1,5
3414,2,2
3415,3,10
3416,2,3
3417,2,8
3418,4,7
3419,1,5
3420,1,3
3421,3,11
3422,3,11
3423,1,5
3424,1,5
3425,2,3
3426,1,4
3427,1,5
3428,2,2
3429,1,3
3430,1,4
3431,2,5
3432,3,11
3433,1,4
3434,7,19
3435,2,2
3436,4,9
3437,1,4
3438,2,5
3439,2,3
3440,1,2
3441,6,25
3442,1,5
3443,7,29
3444,1,4
3445,2,3
3446,2,4
3447,3,8
3448,1,4
3449,4,12
3450,2,3
3451,3,8
3452,1,4
3453,2,3
3454,1,5
3455,2,2
3456,1,4
3457,2,5
3458,2,5
3459,2,5
3460,1,4
3461,1,4
3462,1,4
3463,7,25
3464,7,26
3465,1,2
3466,6,25
3467,4,10
3468,2,5
3469,1,3
3470,4,29
3471,2,2
3472,4,10
3473,2,13
3474,1,4
3475,1,2
3476,1,5
3477,2,4
3478,1,3
3479,1,4
3480,1,2
3481,1,5
3482,2,3
3483,1,3
3484,2,4
3485,1,4
3486,1,2
3487,4,22
3488,2,3
3489,1,5
3490,4,9
3491,1,2
3492,4,11
3493,1,4
3494,4,13
3495,5,15
3496,2,2
3497,2,5
3498,4,6
3499,2,11
3500,2,12
3501,1,3
3502,2,11
3503,1,3
3504,1,4
3505,2,3
3506,1,3
3507,2,10
3508,1,2
3509,1,2
3510,4,8
3511,4,15
3512,1,3
3513,1,5
3514,1,3
3515,1,2
3516,2,3
3517,2,4
3518,2,5
3519,4,13
3520,2,2
3521,1,4
3522,1,3
3523,1,3
3524,2,3
3525,2,4
3526,1,3
3527,1,2
3528,2,2
3529,2,2
3530,3,6
3531,2,4
3532,2,2
3533,2,2
3534,5,19
3535,3,6
3536,1,4
3537,6,19
3538,1,4
3539,4,15
3540,2,3
3541,1,2
3542,1,3
3543,1,4
3544,2,3
3545,2,4
3546,2,3
3547,1,2
3548,1,4
3549,6,18
3550,2,12
3551,5,15
3552,4,10
3553,2,9
3554,2,5
3555,1,2
3556,2,4
3557,2,5
3558,3,13
3559,1,4
3560,5,20
3561,1,2
3562,2,9
3563,2,2
3564,1,2
3565,4,23
3566,2,2
3567,1,3
3568,1,2
3569,1,2
3570,1,4
3571,1,5
3572,1,4
3573,1,3
3574,1,2
3575,4,8
3576,4,8
3577,2,3
3578,1,2
3579,2,4
3580,4,6
3581,2,11
3582,6,21
3583,2,2
3584,1,3
3585,1,5
3586,1,4
3587,1,5
3588,2,5
3589,2,11
3590,2,3
3591,2,10
3592,1,5
3593,5,14
3594,5,24
3595,4,28
3596,3,10
3597,4,11
3598,1,3
3599,1,2
3600,3,7
3601,3,11
3602,6,28
3603,1,4
3604,1,4
3605,3,7
3606,7,22
3607,1,4
3608,1,3
3609,2,4
3610,2,3
3611,2,5
3612,2,2
3613,4,12
3614,2,2
3615,2,2
3616,2,11
3617,5,22
3618,5,18
3619,1,5
3620,4,14
3621,1,4
3622,2,7
3623,2,2
3624,1,5
3625,1,4
3626,2,4
3627,2,9
3628,1,3
3629,1,4
3630,2,4
3631,2,5
3632,7,24
3633,2,8
3634,7,22
3635,2,2
3636,1,4
3637,2,2
3638,2,3
3639,2,2
3640,3,6
3641,2,4
3642,1,4
3643,1,5
3644,1,4
3645,2,12
3646,1,2
3647,2,3
3648,1,4
3649,6,16
3650,7,19
3651,4,7
3652,1,3
3653,2,3
3654,2,2
3655,7,14
3656,5,19
3657,3,11
3658,2,2
3659,7,25
3660,1,2
3661,3,12
3662,2,3
3663,1,4
3664,2,3
3665,2,5
3666,2,4
3667,2,11
3668,1,4
3669,1,3
3670,1,2
3671,2,4
3672,6,15
3673,1,4
3674,1,2
3675,5,27
3676,4,10
3677,2,5
3678,3,11
3679,2,10
3680,3,11
3681,2,3
3682,4,24
3683,1,5
3684,2,5
3685,2,5
3686,2,2
3687,5,21
3688,2,4
3689,1,4
3690,2,2
3691,2,4
3692,4,29
3693,2,4
3694,2,5
3695,3,7
3696,4,6
3697,2,2
3698,1,5
3699,4,12
3700,2,6
3701,3,6
3702,6,21
3703,3,7
3704,4,11
3705,7,17
3706,1,5
3707,1,5
3708,2,3
3709,2,3
3710,3,12
3711,3,7
3712,3,6
3713,6,25
3714,2,4
3715,3,9
3716,2,4
3717,1,5
3718,1,4
3719,4,9
3720,2,4
3721,2,11
3722,1,3
3723,2,2
3724,2,2
3725,2,4
3726,6,12
3727,1,5
3728,4,14
3729,7,24
3730,7,18
3731,1,3
3732,4,17
3733,1,3
3734,2,5
3735,2,5
3736,6,17
3737,2,5
3738,2,2
3739,2,2
3740,1,4
3741,1,3
3742,3,12
3743,2,3
3744,4,25
3745,2,12
3746,4,22
3747,1,4
3748,2,4
3749,1,2
3750,1,3
3751,4,9
3752,1,3
3753,2,10
3754,3,7
3755,2,2
3756,2,11
3757,1,2
3758,2,5
3759,2,13
3760,6,19
3761,1,5
3762,1,2
3763,1,3
3764,1,5
3765,4,9
3766,4,11
3767,4,11
3768,4,12
3769,1,3
3770,2,3
3771,1,3
3772,3,12
3773,2,7
3774,3,10
3775,1,5
3776,2,2
3777,5,14
3778,2,4
3779,2,8
3780,2,5
3781,1,3
3782,3,10
3783,2,2
3784,2,7
3785,2,8
3786,1,3
3787,3,12
3788,2,5
3789,2,2
3790,2,6
3791,2,5
3792,1,5
3793,6,26
3794,1,4
3795,3,6
3796,4,8
3797,1,3
3798,1,4
3799,2,2
3800,1,3
3801,2,11
3802,4,10
3803,1,2
3804,1,4
3805,4,20
3806,2,5
3807,4,6
3808,3,13
3809,2,2
3810,1,5
3811,4,13
3812,1,2
3813,1,3
3814,2,11
3815,4,13
3816,2,3
3817,1,2
3818,1,5
3819,1,4
3820,2,5
3821,1,4
3822,1,4
3823,1,5
3824,1,4
3825,2,3
3826,2,4
3827,2,3
3828,4,18
3829,1,4
3830,2,11
3831,5,23
3832,2,4
3833,4,10
3834,1,4
3835,1,4
3836,2,5
3837,1,5
3838,2,4
3839,2,3
3840,4,9
3841,4,14
3842,1,2
3843,2,4
3844,1,2
3845,2,2
3846,4,10
3847,1,4
3848,2,5
3849,3,7
3850,2,7
3851,2,4
3852,1,4
3853,1,2
3854,1,5
3855,1,4
3856,2,3
3857,6,26
3858,1,5
3859,2,5
3860,2,4
3861,1,4
3862,1,5
3863,2,5
3864,2,2
3865,1,4
3866,2,4
3867,2,4
3868,2,3
3869,2,2
3870,1,5
3871,1,2
3872,4,7
3873,4,10
3874,2,3
3875,3,10
3876,1,2
3877,2,10
3878,2,4
3879,1,5
3880,1,2
3881,2,4
3882,6,14
3883,1,3
3884,2,2
3885,2,5
3886,2,2
3887,1,2
3888,2,5
3889,2,4
3890,4,6
3891,1,4
3892,2,4
3893,1,4
3894,6,22
3895,2,3
3896,2,3
3897,4,17
3898,2,4
3899,1,2
3900,1,2
3901,6,26
3902,4,22
3903,3,7
3904,1,5
3905,2,5
3906,1,4
3907,2,8
3908,7,23
3909,2,5
3910,4,13
3911,1,5
3912,2,5
3913,2,2
3914,2,5
3915,1,5
3916,2,2
3917,2,11
3918,3,7
3919,7,14
3920,4,12
3921,2,5
3922,2,5
3923,6,21
3924,2,2
3925,4,10
3926,4,6
3927,4,11
3928,2,2
3929,2,5
3930,4,7
3931,2,8
3932,2,7
3933,2,4
3934,1,4
3935,4,7
3936,3,10
3937,2,5
3938,1,3
3939,6,18
3940,1,4
3941,4,8
3942,2,4
3943,1,3
3944,3,13
3945,2,4
3946,1,2
3947,2,2
3948,4,9
3949,2,5
3950,1,5
3951,5,22
3952,2,3
3953,1,4
3954,2,4
3955,5,20
3956,2,3
3957,2,3
3958,2,2
3959,3,6
3960,3,10
3961,2,5
3962,2,3
3963,2,10
3964,2,2
3965,5,20
3966,1,4
3967,4,11
3968,2,3
3969,4,9
3970,1,4
3971,2,3
3972,1,5
3973,1,5
3974,2,2
3975,2,5
3976,2,9
3977,2,4
3978,2,6
3979,1,2
3980,2,2
3981,1,5
3982,7,24
3983,3,7
3984,2,4
3985,3,8
3986,1,5
3987,2,2
3988,2,4
3989,2,5
3990,1,5
3991,2,12
3992,1,2
3993,4,10
3994,1,3
3995,2,3
3996,2,6
3997,2,7
3998,7,14
3999,1,4
4000,4,9
4001,2,10
4002,2,4
4003,1,3
4004,1,5
4005,1,3
4006,2,5
4007,4,25
4008,2,3
4009,3,7
4010,3,8
4011,1,2
4012,1,5
4013,2,4
4014,4,13
4015,6,26
4016,2,5
4017,3,9
4018,1,3
4019,4,9
4020,1,5
4021,1,3
4022,2,4
4023,2,4
4024,2,2
4025,2,10
4026,2,2
4027,1,2
4028,2,5
4029,4,13
4030,2,10
4031,4,7
4032,1,2
4033,2,4
4034,2,13
4035,1,3
4036,1,4
4037,2,3
4038,2,7
4039,4,6
4040,2,8
4041,2,2
4042,2,4
4043,7,26
4044,1,5
4045,1,5
4046,1,2
4047,1,5
4048,1,2
4049,1,3
4050,2,3
4051,1,3
4052,3,12
4053,1,5
4054,1,2
4055,3,7
4056,4,13
4057,1,2
4058,2,11
4059,2,2
4060,1,3
4061,1,2
4062,2,3
4063,3,13
4064,1,3
4065,1,4
4066,3,10
4067,1,3
4068,3,8
4069,2,6
4070,2,3
4071,5,25
4072,1,5
4073,2,3
4074,2,2
4075,1,4
4076,1,3
4077,2,4
4078,1,2
4079,2,2
4080,3,7
4081,4,13
4082,4,11
4083,2,9
4084,1,3
4085,1,4
4086,2,5
4087,4,13
4088,1,4
4089,2,3
4090,5,12
4091,2,10
4092,1,3
4093,1,4
4094,6,29
4095,2,4
4096,1,4
4097,2,4
4098,2,2
4099,4,8
4100,2,5
4101,1,4
4102,1,4
4103,1,3
4104,1,4
4105,2,12
4106,2,2
4107,1,5
4108,3,7
4109,2,5
4110,1,4
4111,4,10
4112,2,5
4113,2,5
4114,2,5
4115,4,19
4116,1,5
4117,1,2
4118,1,4
4119,2,2
4120,2,2
4121,2,2
4122,2,2
4123,2,4
4124,1,4
4125,1,2
4126,2,5
4127,1,4
4128,4,12
4129,4,23
4130,1,2
4131,1,2
4132,2,4
4133,2,4
4134,1,3
4135,2,3
4136,3,6
4137,1,3
4138,1,5
4139,2,13
4140,4,13
4141,2,4
4142,1,3
4143,1,3
4144,2,2
4145,1,4
4146,2,4
4147,2,4
4148,4,13
4149,3,8
4150,1,3
4151,2,2
4152,1,3
4153,1,4
4154,2,2
4155,2,13
4156,3,10
4157,2,8
4158,2,8
4159,7,18
4160,1,4
4161,5,16
4162,2,2
4163,2,3
4164,2,5
4165,5,19
4166,1,3
4167,1,2
4168,2,3
4169,1,4
4170,1,4
4171,2,13
4172,7,21
4173,2,13
4174,1,5
4175,2,4
4176,2,5
4177,2,3
4178,2,2
4179,2,13
4180,1,2
4181,2,11
4182,7,23
4183,1,2
4184,5,29
4185,2,9
4186,1,3
4187,2,2
4188,1,2
4189,1,3
4190,2,2
4191,1,3
4192,1,3
4193,1,4
4194,2,2
4195,2,3
4196,1,4
4197,1,3
4198,2,2
4199,4,8
4200,1,2
4201,2,5
4202,2,5
4203,1,5
4204,2,5
4205,1,4
4206,3,10
4207,4,11
4208,2,3
4209,2,7
4210,1,2
4211,6,16
4212,1,5
4213,1,3
4214,2,2
4215,2,5
4216,2,13
4217,1,4
4218,2,3
4219,1,2
4220,1,5
4221,1,5
4222,7,12
4223,2,10
4224,2,3
4225,2,5
4226,1,4
4227,4,7
4228,6,27
4229,2,4
4230,4,11
4231,2,3
4232,2,5
4233,7,29
4234,1,2
4235,2,2
4236,3,8
4237,1,3
4238,1,2
4239,4,19
4240,3,13
4241,4,9
4242,2,2
4243,2,3
4244,4,29
4245,2,3
4246,2,4
4247,1,3
4248,1,2
4249,2,2
4250,3,11
4251,6,19
4252,1,3
4253,4,8
4254,4,8
4255,4,6
4256,1,5
4257,1,2
4258,1,2
4259,2,4
4260,1,2
4261,1,2
4262,1,4
4263,2,4
4264,2,4
4265,1,3
4266,4,13
4267,2,3
4268,2,12
4269,5,28
4270,2,9
4271,2,12
4272,5,28
4273,2,3
4274,5,17
4275,3,11
4276,3,10
4277,2,4
4278,2,2
4279,4,12
4280,1,4
4281,4,9
4282,1,2
4283,1,4
4284,2,2
4285,1,2
4286,1,4
4287,1,4
4288,2,3
4289,2,5
4290,2,4
4291,6,26
4292,4,8
4293,2,9
4294,1,2
4295,1,3
4296,1,3
4297,5,28
4298,3,9
4299,2,5
4300,3,8
4301,1,5
4302,1,5
4303,2,12
4304,1,2
4305,1,3
4306,4,10
4307,1,2
4308,1,4
4309,5,28
4310,1,5
4311,2,2
4312,1,2
4313,1,4
4314,2,4
4315,1,3
4316,1,5
4317,2,5
4318,2,11
4319,2,11
4320,4,8
4321,2,3
4322,1,2
4323,4,11
4324,1,2
4325,2,3
4326,2,8
4327,2,5
4328,1,2
4329,3,9
4330,5,19
4331,2,4
4332,2,2
4333,1,3
4334,3,8
4335,1,5
4336,1,2
4337,4,23
4338,2,2
4339,5,20
4340,4,27
4341,1,2
4342,2,13
4343,2,3
4344,2,11
4345,3,6
4346,2,5
4347,2,6
4348,2,11
4349,1,2
4350,1,2
4351,2,4
4352,1,4
4353,6,13
4354,4,9
4355,1,3
4356,1,5
4357,2,5
4358,1,4
4359,2,4
4360,2,3
4361,2,3
4362,4,13
4363,1,4
4364,2,4
4365,1,2
4366,7,12
4367,3,9
4368,2,11
4369,1,4
4370,2,3
4371,1,3
4372,2,4
4373,2,12
4374,7,23
4375,1,3
4376,1,3
4377,3,7
4378,1,3
4379,2,5
4380,4,11
4381,2,5
4382,2,13
4383,2,4
4384,3,7
4385,3,8
4386,2,13
4387,2,2
4388,2,2
4389,2,3
4390,1,2
4391,2,12
4392,1,2
4393,4,6
4394,1,5
4395,1,4
4396,3,7
4397,1,4
4398,4,8
4399,2,3
4400,7,12
4401,2,3
4402,2,7
4403,2,2
4404,2,2
4405,4,12
4406,4,13
4407,2,4
4408,2,5
4409,1,4
4410,2,4
4411,3,10
4412,2,2
4413,2,5
4414,3,6
4415,1,5
4416,3,7
4417,6,15
4418,2,4
4419,3,7
4420,1,5
4421,1,5
4422,2,3
4423,1,3
4424,2,4
4425,2,4
4426,4,12
4427,2,6
4428,5,22
4429,2,2
4430,2,5
4431,1,5
4432,1,5
4433,2,2
4434,3,13
4435,2,5
4436,2,2
4437,2,4
4438,2,4
4439,2,4
4440,2,4
4441,4,7
4442,1,5
4443,3,12
4444,2,4
4445,1,4
4446,2,8
4447,1,4
4448,1,3
4449,3,7
4450,2,2
4451,1,2
4452,3,12
4453,3,10
4454,2,3
4455,1,4
4456,2,10
4457,2,2
4458,1,3
4459,1,5
4460,6,22
4461,2,2
4462,3,11
4463,1,4
4464,1,3
4465,2,8
4466,6,15
4467,1,4
4468,1,4
4469,5,29
4470,4,8
4471,2,2
4472,2,4
4473,3,8
4474,2,9
4475,5,27
4476,1,3
4477,2,4
4478,2,2
4479,2,2
4480,2,4
4481,1,3
4482,2,2
4483,2,3
4484,3,8
4485,3,11
4486,2,4
4487,1,5
4488,1,4
4489,2,11
4490,1,2
4491,3,8
4492,1,4
4493,1,4
4494,4,9
4495,1,5
4496,2,5
4497,1,2
4498,1,2
4499,1,4
4500,1,2
4501,3,7
4502,4,7
4503,3,9
4504,2,3
4505,1,3
4506,1,4
4507,1,5
4508,2,5
4509,7,20
4510,2,4
4511,4,19
4512,1,5
4513,1,3
4514,1,4
4515,1,4
4516,1,4
4517,3,7
4518,4,6
4519,3,8
4520,1,2
4521,7,21
4522,4,7
4523,1,2
4524,4,8
4525,2,2
4526,1,4
4527,2,5
4528,1,5
4529,2,4
4530,2,2
4531,4,12
4532,6,22
4533,6,13
4534,2,5
4535,1,4
4536,1,2
4537,3,11
4538,2,4
4539,2,3
4540,2,10
4541,1,3
4542,1,3
4543,2,8
4544,2,2
4545,2,2
4546,2,5
4547,1,3
4548,2,4
4549,2,7
4550,2,3
4551,3,11
4552,1,4
4553,2,3
4554,2,12
4555,3,10
4556,1,3
4557,5,23
4558,2,2
4559,1,5
4560,4,7
4561,1,2
4562,2,4
4563,2,3
4564,1,3
4565,1,4
4566,1,5
4567,1,2
4568,2,2
4569,2,4
4570,1,2
4571,1,4
4572,7,23
4573,3,13
4574,3,6
4575,2,4
4576,1,4
4577,1,4
4578,3,12
4579,1,2
4580,4,11
4581,5,24
4582,2,4
4583,1,3
4584,2,3
4585,2,2
4586,1,4
4587,2,12
4588,1,4
4589,2,4
4590,1,4
4591,7,17
4592,4,6
4593,6,20
4594,5,29
4595,2,5
4596,2,3
4597,2,2
4598,1,3
4599,2,7
4600,1,2
4601,1,3
4602,2,5
4603,2,5
4604,4,8
4605,1,5
4606,3,13
4607,2,2
4608,1,5
4609,4,6
4610,7,28
4611,1,2
4612,2,3
4613,1,5
4614,2,2
4615,2,13
4616,2,4
4617,4,7
4618,3,7
4619,2,2
4620,2,5
4621,2,3
4622,1,3
4623,2,3
4624,2,2
4625,4,8
4626,2,2
4627,4,8
4628,2,3
4629,3,8
4630,4,20
4631,1,2
4632,3,9
4633,2,5
4634,3,10
4635,4,9
4636,2,3
4637,1,4
4638,1,2
4639,2,2
4640,6,27
4641,2,6
4642,2,5
4643,3,11
4644,3,6
4645,2,3
4646,2,3
4647,1,2
4648,2,13
4649,4,9
4650,2,3
4651,2,5
4652,3,13
4653,7,28
4654,4,6
4655,2,4
4656,2,2
4657,2,5
4658,2,4
4659,3,12
4660,1,4
4661,3,6
4662,2,4
4663,4,12
4664,1,4
4665,2,2
4666,1,2
4667,1,2
4668,5,12
4669,1,3
4670,2,2
4671,4,13
4672,3,12
4673,2,2
4674,6,19
4675,1,5
4676,2,3
4677,2,3
4678,1,3
4679,2,5
4680,1,2
4681,1,5
4682,2,7
4683,2,3
4684,7,13
4685,4,6
4686,1,5
4687,2,3
4688,2,5
4689,4,9
4690,1,3
4691,2,4
4692,6,14
4693,1,4
4694,2,3
4695,1,5
4696,3,12
4697,3,10
4698,2,4
4699,2,2
4700,4,8
4701,3,8
4702,4,12
4703,1,2
4704,6,12
4705,1,4
4706,2,2
4707,4,9
4708,1,4
4709,2,13
4710,2,3
4711,3,11
4712,2,3
4713,4,9
4714,1,2
4715,1,3
4716,4,12
4717,1,4
4718,2,2
4719,1,4
4720,3,13
4721,1,3
4722,1,5
4723,2,4
4724,4,18
4725,1,3
4726,1,5
4727,4,6
4728,4,7
4729,1,4
4730,4,16
4731,2,4
4732,2,4
4733,1,3
4734,4,8
4735,1,2
4736,1,2
4737,2,3
4738,3,11
4739,2,2
4740,2,3
4741,2,4
4742,3,6
4743,4,11
4744,2,2
4745,2,8
4746,2,3
4747,3,10
4748,2,4
4749,2,3
4750,6,24
4751,4,18
4752,1,4
4753,2,4
4754,1,5
4755,2,8
4756,1,4
4757,1,3
4758,1,5
4759,5,13
4760,2,2
4761,2,2
4762,2,5
4763,2,3
4764,2,4
4765,6,19
4766,2,8
4767,2,5
4768,3,11
4769,1,5
4770,1,2
4771,7,27
4772,2,5
4773,2,4
4774,7,14
4775,2,4
4776,2,6
4777,4,17
4778,1,4
4779,1,3
4780,2,4
4781,1,3
4782,1,2
4783,4,13
4784,1,4
4785,1,2
4786,2,2
4787,2,4
4788,3,12
4789,2,3
4790,2,8
4791,2,4
4792,2,3
4793,2,3
4794,1,4
4795,1,4
4796,1,4
4797,4,27
4798,2,5
4799,6,16
4800,2,2
4801,1,4
4802,2,3
4803,1,4
4804,2,12
4805,1,2
4806,1,4
4807,2,4
4808,1,2
4809,3,10
4810,1,3
4811,2,7
4812,1,3
4813,4,23
4814,3,13
4815,2,4
4816,1,3
4817,7,28
4818,1,3
4819,3,12
4820,1,5
4821,2,5
4822,4,12
4823,1,3
4824,1,4
4825,1,4
4826,2,5
4827,2,9
4828,4,14
4829,3,11
4830,1,3
4831,2,4
4832,2,7
4833,1,3
4834,1,4
4835,6,22
4836,1,5
4837,2,3
4838,2,5
4839,1,5
4840,1,2
4841,4,19
4842,1,2
4843,2,5
4844,3,6
4845,1,3
4846,2,4
4847,2,2
4848,2,12
4849,1,2
4850,2,5
4851,2,2
4852,2,2
4853,2,4
4854,2,8
4855,2,2
4856,2,12
4857,2,2
4858,2,5
4859,1,5
4860,4,17
4861,3,11
4862,7,20
4863,4,11
4864,2,7
4865,1,2
4866,2,3
4867,2,3
4868,1,2
4869,1,2
4870,1,5
4871,1,3
4872,1,5
4873,1,5
4874,2,4
4875,7,16
4876,1,4
4877,2,2
4878,4,12
4879,1,2
4880,1,3
4881,2,3
4882,2,5
4883,1,4
4884,1,5
4885,2,4
4886,3,10
4887,1,2
4888,1,4
4889,2,4
4890,2,3
4891,2,8
4892,1,3
4893,2,12
4894,1,3
4895,4,9
4896,1,3
4897,2,5
4898,3,11
4899,2,6
4900,1,3
4901,5,26
4902,2,4
4903,1,2
4904,2,3
4905,3,6
4906,6,13
4907,2,2
4908,2,5
4909,2,2
4910,1,2
4911,1,2
4912,2,5
4913,2,4
4914,1,2
4915,1,2
4916,2,6
4917,1,5
4918,1,5
4919,2,5
4920,1,4
4921,2,3
4922,2,8
4923,4,14
4924,2,12
4925,2,3
4926,1,2
4927,2,5
4928,4,18
4929,5,27
4930,2,2
4931,1,5
4932,2,9
4933,2,2
4934,2,13
4935,3,7
4936,2,3
4937,6,25
4938,4,17
4939,7,24
4940,2,3
4941,1,5
4942,1,4
4943,1,5
4944,2,5
4945,1,3
4946,2,12
4947,1,5
4948,2,4
4949,1,3
4950,4,9
4951,1,2
4952,1,5
4953,4,14
4954,1,3
4955,2,4
4956,3,7
4957,3,8
4958,1,2
4959,4,17
4960,4,29
4961,1,5
4962,2,2
4963,2,3
4964,1,4
4965,2,2
4966,4,7
4967,1,4
4968,2,7
4969,2,4
4970,1,5
4971,2,3
4972,2,3
4973,1,2
4974,2,13
4975,2,2
4976,1,3
4977,2,9
4978,1,4
4979,1,5
4980,1,5
4981,2,12
4982,1,3
4983,2,3
4984,1,2
4985,4,17
4986,2,3
4987,4,12
4988,3,6
4989,2,5
4990,3,6
4991,2,7
4992,2,2
4993,1,5
4994,2,4
4995,2,3
4996,4,11
4997,2,5
4998,1,4
4999,3,6
5000,2,5
5001,1,2
5002,3,12
5003,1,4
5004,4,12
5005,2,4
5006,2,2
5007,2,5
5008,1,5
5009,4,16
5010,7,14
5011,4,8
5012,1,3
5013,7,25
5014,2,10
5015,1,5
5016,2,7
5017,1,3
5018,1,5
5019,2,7
5020,1,5
5021,1,2
5022,1,3
5023,5,12
5024,2,3
5025,1,5
5026,2,2
5027,1,3
5028,7,28
5029,1,4
5030,1,3
5031,2,3
5032,2,9
5033,2,2
5034,4,8
5035,2,5
5036,2,3
5037,5,27
5038,5,22
5039,4,21
5040,6,21
5041,3,10
5042,2,6
5043,4,8
5044,1,5
5045,2,3
5046,2,3
5047,4,23
5048,1,5
5049,2,7
5050,1,2
5051,1,3
5052,2,2
5053,2,4
5054,2,5
5055,1,3
5056,2,8
5057,1,5
5058,2,2
5059,2,4
5060,4,12
5061,2,3
5062,1,4
5063,1,4
5064,2,3
5065,4,12
5066,4,10
5067,2,3
5068,1,2
5069,2,3
5070,2,5
5071,4,8
5072,2,5
5073,2,2
5074,2,5
5075,4,24
5076,2,9
5077,4,6
5078,2,4
5079,2,5
5080,2,2
5081,1,2
5082,2,5
5083,2,5
5084,1,5
5085,2,8
5086,2,4
5087,2,4
5088,2,5
5089,1,2
5090,1,2
5091,2,2
5092,1,3
5093,1,5
5094,2,2
5095,2,5
5096,1,5
5097,1,2
5098,1,5
5099,2,7
5100,2,3
5101,1,2
5102,5,19
5103,4,11
5104,5,28
5105,2,12
5106,2,4
5107,2,4
5108,4,12
5109,6,19
5110,1,4
5111,4,9
5112,2,2
5113,1,3
5114,5,22
5115,3,11
5116,4,24
5117,3,13
5118,2,5
5119,1,2
5120,6,20
5121,2,3
5122,1,3
5123,2,3
5124,1,5
5125,1,4
5126,3,8
5127,1,5
5128,1,3
5129,4,10
5130,2,2
5131,2,8
5132,2,3
5133,7,15
5134,2,5
5135,1,4
5136,4,7
5137,2,10
5138,2,2
5139,5,23
5140,1,4
5141,6,16
5142,1,5
5143,1,3
5144,2,2
5145,1,2
5146,2,5
5147,1,5
5148,1,4
5149,2,5
5150,1,3
5151,2,8
5152,2,4
5153,4,6
5154,7,21
5155,2,3
5156,4,26
5157,1,4
5158,1,2
5159,2,5
5160,2,3
5161,2,7
5162,1,2
5163,1,4
5164,2,7
5165,2,2
5166,1,4
5167,2,2
5168,5,29
5169,4,8
5170,2,2
5171,2,2
5172,2,2
5173,1,3
5174,4,11
5175,1,5
5176,1,3
5177,4,20
5178,2,11
5179,2,2
5180,2,2
5181,2,2
5182,2,4
5183,2,5
5184,2,5
5185,3,6
5186,6,17
5187,1,5
5188,2,2
5189,4,11
5190,6,26
5191,4,12
5192,2,2
5193,2,3
5194,4,8
5195,3,8
5196,1,4
5197,1,3
5198,4,6
5199,2,2
5200,2,12
5201,1,2
5202,4,13
5203,2,4
5204,2,3
5205,2,6
5206,3,7
5207,7,24
5208,1,3
5209,3,11
5210,2,2
5211,2,4
5212,3,12
5213,2,3
5214,2,5
5215,2,3
5216,1,5
5217,6,15
5218,1,2
5219,1,3
5220,4,9
5221,1,2
5222,1,3
5223,2,5
5224,2,5
5225,2,2
5226,3,7
5227,2,2
5228,1,5
5229,1,3
5230,2,4
5231,7,18
5232,2,5
5233,4,12
5234,1,5
5235,2,3
5236,1,2
5237,7,27
5238,2,3
5239,1,3
5240,7,14
5241,2,11
5242,2,4
5243,5,24
5244,4,13
5245,1,3
5246,1,3
5247,2,4
5248,2,5
5249,3,7
5250,2,3
5251,2,4
5252,2,8
5253,1,3
5254,7,15
5255,6,24
5256,4,23
5257,3,12
5258,1,3
5259,2,4
5260,2,3
5261,1,3
5262,1,2
5263,2,4
5264,5,19
5265,7,20
5266,1,2
5267,2,4
5268,2,5
5269,2,6
5270,4,6
5271,2,4
5272,2,5
5273,2,4
5274,5,21
5275,1,4
5276,1,3
5277,4,6
5278,3,9
5279,4,13
5280,1,4
5281,2,7
5282,2,4
5283,2,5
5284,1,3
5285,1,5
5286,1,3
5287,5,22
5288,2,2
5289,7,24
5290,2,3
5291,2,3
5292,1,2
5293,2,12
5294,2,4
5295,2,9
5296,2,5
5297,4,16
5298,1,2
5299,2,6
5300,2,3
5301,2,13
5302,3,6
5303,1,2
5304,4,27
5305,1,2
5306,1,2
5307,4,12
5308,1,5
5309,2,4
5310,2,5
5311,4,6
5312,1,3
5313,1,3
5314,3,8
5315,3,11
5316,6,27
5317,4,10
5318,4,8
5319,1,2
5320,2,2
5321,2,8
5322,7,18
5323,2,11
5324,2,4
5325,2,4
5326,1,4
5327,2,8
5328,2,10
5329,1,4
5330,1,5
5331,4,14
5332,4,13
5333,1,5
5334,2,3
5335,7,21
5336,3,6
5337,1,4
5338,1,4
5339,1,5
5340,2,4
5341,1,5
5342,2,3
5343,2,2
5344,3,11
5345,2,4
5346,2,5
5347,2,3
5348,1,4
5349,2,5
5350,1,4
5351,3,8
5352,3,6
5353,3,7
5354,3,8
5355,4,8
5356,2,2
5357,6,23
5358,2,4
5359,2,4
5360,1,4
5361,4,29
5362,7,24
5363,4,7
5364,2,4
5365,1,5
5366,4,26
5367,2,7
5368,6,12
5369,1,4
5370,2,3
5371,2,7
5372,1,3
5373,6,29
5374,2,5
5375,7,15
5376,1,2
5377,3,10
5378,2,3
5379,2,3
5380,1,3
5381,4,15
5382,4,13
5383,1,4
5384,7,29
5385,1,5
5386,2,4
5387,1,5
5388,2,12
5389,1,3
5390,1,3
5391,7,20
5392,4,9
5393,1,2
5394,4,13
5395,6,28
5396,1,3
5397,3,8
5398,2,2
5399,2,11
5400,2,4
5401,4,11
5402,2,3
5403,2,7
5404,1,2
5405,2,3
5406,1,3
5407,2,11
5408,1,2
5409,1,5
5410,1,3
5411,3,9
5412,1,3
5413,4,6
5414,2,5
5415,1,3
5416,2,5
5417,6,27
5418,1,3
5419,2,5
5420,2,3
5421,2,5
5422,2,5
5423,3,6
5424,2,2
5425,1,5
5426,2,2
5427,2,2
5428,3,12
5429,1,3
5430,4,22
5431,1,5
5432,2,6
5433,2,3
5434,2,4
5435,2,11
5436,4,9
5437,1,4
5438,1,5
5439,1,5
5440,3,8
5441,1,3
5442,2,6
5443,2,2
5444,2,4
5445,1,2
5446,1,5
5447,1,3
5448,1,4
5449,3,9
5450,1,5
5451,2,11
5452,1,3
5453,7,21
5454,6,18
5455,3,11
5456,2,7
5457,1,5
5458,3,12
5459,7,19
5460,2,5
5461,1,2
5462,1,2
5463,1,3
5464,2,3
5465,1,5
5466,2,4
5467,7,18
5468,1,5
5469,3,12
5470,2,4
5471,2,2
5472,1,3
5473,2,3
5474,2,5
5475,1,2
5476,2,4
5477,1,5
5478,1,5
5479,2,4
5480,2,3
5481,1,4
5482,2,5
5483,2,3
5484,2,5
5485,2,2
5486,1,3
5487,1,5
5488,3,13
5489,1,2
5490,1,4
5491,4,17
5492,4,13
5493,1,5
5494,6,25
5495,1,4
5496,1,3
5497,7,13
5498,3,10
5499,1,2
5500,4,13
5501,3,9
5502,2,3
5503,2,3
5504,2,3
5505,7,14
5506,2,4
5507,2,6
5508,1,3
5509,1,2
5510,1,4
5511,2,10
5512,2,2
5513,2,3
5514,2,3
5515,1,2
5516,2,4
5517,3,6
5518,1,4
5519,1,2
5520,2,2
5521,5,21
5522,2,2
5523,2,4
5524,1,2
5525,1,2
5526,1,4
5527,2,2
5528,4,6
5529,2,2
5530,2,2
5531,1,4
5532,1,5
5533,2,4
5534,4,12
5535,3,9
5536,2,8
5537,1,2
5538,3,12
5539,2,2
5540,2,7
5541,5,28
5542,1,2
5543,1,4
5544,2,4
5545,2,8
5546,1,3
5547,4,19
5548,2,2
5549,1,5
5550,2,5
5551,2,11
5552,1,2
5553,1,2
5554,1,3
5555,1,3
5556,3,6
5557,2,3
5558,4,12
5559,6,28
5560,1,5
5561,2,8
5562,5,27
5563,4,11
5564,4,9
5565,1,4
5566,2,3
5567,2,4
5568,2,7
5569,4,27
5570,1,2
5571,2,2
5572,1,5
5573,2,10
5574,2,3
5575,2,5
5576,2,4
5577,1,2
5578,1,3
5579,4,13
5580,2,5
5581,7,24
5582,2,5
5583,2,2
5584,2,3
5585,7,22
5586,3,7
5587,1,2
5588,3,13
5589,2,2
5590,2,2
5591,2,4
5592,3,13
5593,1,4
5594,2,4
5595,2,3
5596,2,3
5597,1,5
5598,2,4
5599,2,4
5600,6,24
5601,2,2
5602,2,3
5603,1,4
5604,1,5
5605,4,12
5606,2,3
5607,3,9
5608,2,12
5609,2,6
5610,2,4
5611,1,3
5612,1,3
5613,3,12
5614,1,3
5615,2,2
5616,2,2
5617,4,6
5618,2,12
5619,2,3
5620,2,2
5621,2,5
5622,2,3
5623,2,11
5624,3,9
5625,1,3
5626,2,2
5627,2,11
5628,6,24
5629,4,24
5630,3,6
5631,1,4
5632,4,7
5633,2,13
5634,2,12
5635,2,4
5636,7,26
5637,1,4
5638,2,2
5639,1,2
5640,1,5
5641,1,3
5642,2,5
5643,4,11
5644,2,10
5645,3,7
5646,1,3
5647,4,8
5648,2,5
5649,1,4
5650,1,4
5651,3,8
5652,1,4
5653,1,2
5654,2,5
5655,1,4
5656,5,26
5657,5,17
5658,1,2
5659,2,5
5660,2,3
5661,4,7
5662,1,2
5663,1,5
5664,1,2
5665,2,4
5666,2,2
5667,2,2
5668,1,4
5669,2,4
5670,4,27
5671,2,2
5672,1,4
5673,4,19
5674,4,8
5675,2,4
5676,3,13
5677,2,3
5678,2,8
5679,7,13
5680,2,5
5681,2,2
5682,1,3
5683,2,3
5684,1,3
5685,3,7
5686,1,3
5687,1,3
5688,2,2
5689,2,2
5690,2,2
5691,1,3
5692,2,13
5693,2,4
5694,2,7
5695,2,2
5696,4,16
5697,3,12
5698,1,4
5699,1,2
5700,2,2
5701,4,29
5702,2,3
5703,2,3
5704,2,4
5705,3,12
5706,1,4
5707,2,3
5708,1,2
5709,2,2
5710,1,3
5711,2,3
5712,2,6
5713,3,6
5714,3,8
5715,2,5
5716,2,13
5717,2,3
5718,2,5
5719,6,23
5720,4,9
5721,2,4
5722,4,12
5723,6,20
5724,2,3
5725,1,5
5726,2,10
5727,1,4
5728,2,5
5729,2,11
5730,2,5
5731,2,4
5732,1,5
5733,2,5
5734,7,15
5735,4,9
5736,2,4
5737,7,20
5738,5,25
5739,1,5
5740,4,21
5741,2,3
5742,2,5
5743,1,5
5744,4,7
5745,1,4
5746,4,10
5747,4,7
5748,2,4
5749,2,2
5750,1,2
5751,2,2
5752,2,5
5753,2,5
5754,1,3
5755,2,5
5756,2,4
5757,3,10
5758,5,23
5759,3,9
5760,1,5
5761,2,4
5762,3,13
5763,5,15
5764,2,5
5765,2,4
5766,1,5
5767,3,11
5768,1,5
5769,1,3
5770,4,12
5771,2,3
5772,2,4
5773,2,5
5774,2,5
5775,2,3
5776,2,5
5777,1,3
5778,4,12
5779,3,13
5780,1,5
5781,1,5
5782,4,10
5783,1,2
5784,2,3
5785,2,2
5786,2,5
5787,2,2
5788,3,7
5789,2,2
5790,4,16
5791,1,4
5792,4,8
5793,1,2
5794,1,4
5795,2,3
5796,2,3
5797,2,13
5798,1,3
5799,2,5
5800,2,5
5801,4,10
5802,1,4
5803,2,10
5804,4,13
5805,4,6
5806,1,4
5807,2,4
5808,2,4
5809,3,9
5810,2,6
5811,1,2
5812,3,13
5813,2,5
5814,2,3
5815,1,2
5816,7,18
5817,2,10
5818,3,11
5819,7,18
5820,2,3
5821,6,16
5822,2,5
5823,2,9
5824,4,6
5825,2,3
5826,1,3
5827,2,4
5828,5,14
5829,2,3
5830,2,5
5831,4,8
5832,1,3
5833,2,5
5834,2,5
5835,1,3
5836,2,6
5837,1,3
5838,1,5
5839,2,4
5840,1,5
5841,4,23
5842,3,11
5843,1,5
5844,2,2
5845,1,4
5846,2,3
5847,1,2
5848,4,8
5849,2,2
5850,1,5
5851,2,5
5852,2,2
5853,3,12
5854,2,2
5855,2,2
5856,1,2
5857,5,26
5858,2,2
5859,4,9
5860,1,3
5861,3,13
5862,3,9
5863,1,2
5864,4,7
5865,4,6
5866,1,3
5867,2,5
5868,2,4
5869,2,6
5870,4,13
5871,2,11
5872,4,13
5873,3,13
5874,1,5
5875,1,4
5876,4,12
5877,1,4
5878,2,4
5879,3,11
5880,1,2
5881,2,3
5882,2,5
5883,1,3
5884,4,13
5885,2,5
5886,2,5
5887,1,3
5888,1,3
5889,1,2
5890,2,4
5891,1,5
5892,1,3
5893,2,4
5894,4,7
5895,2,6
5896,4,25
5897,2,5
5898,2,3
5899,4,11
5900,2,5
5901,2,10
5902,3,9
5903,3,7
5904,4,23
5905,2,8
5906,3,8
5907,2,4
5908,7,23
5909,1,2
5910,7,15
5911,1,3
5912,1,5
5913,3,12
5914,2,4
5915,4,11
5916,1,5
5917,3,8
5918,3,13
5919,2,8
5920,1,3
5921,2,2
5922,2,10
5923,1,4
5924,1,4
5925,1,5
5926,2,2
5927,2,5
5928,2,4
5929,1,2
5930,2,13
5931,1,4
5932,6,15
5933,2,5
5934,2,4
5935,1,5
5936,2,5
5937,2,2
5938,4,9
5939,1,3
5940,3,8
5941,2,5
5942,1,4
5943,1,3
5944,6,21
5945,1,2
5946,3,13
5947,2,2
5948,2,2
5949,1,5
5950,4,12
5951,4,8
5952,1,5
5953,4,7
5954,2,2
5955,6,21
5956,3,8
5957,3,12
5958,3,12
5959,2,5
5960,3,8
5961,2,4
5962,1,5
5963,1,4
5964,2,3
5965,1,2
5966,1,5
5967,1,5
5968,1,4
5969,4,6
5970,2,3
5971,3,7
5972,1,2
5973,1,2
5974,2,3
5975,1,4
5976,2,2
5977,2,2
5978,1,4
5979,1,5
5980,4,6
5981,2,4
5982,2,3
5983,3,9
5984,2,2
5985,4,26
5986,2,5
5987,1,4
5988,2,3
5989,2,2
5990,2,4
5991,5,24
5992,2,5
5993,2,4
5994,1,4
5995,2,2
5996,1,2
5997,1,5
5998,2,3
5999,2,4
6000,2,2
6001,1,5
6002,1,2
6003,1,4
6004,1,5
6005,2,9
6006,4,10
6007,2,6
6008,4,29
6009,7,22
6010,3,13
6011,5,29
6012,2,10
6013,4,7
6014,1,3
6015,1,4
6016,4,11
6017,2,3
6018,2,10
6019,2,3
6020,2,4
6021,3,10
6022,4,25
6023,1,3
6024,4,11
6025,3,13
6026,2,2
6027,1,2
6028,2,3
6029,2,5
6030,2,4
6031,1,5
6032,2,3
6033,4,9
6034,1,2
6035,2,2
6036,2,2
6037,3,8
6038,2,13
6039,1,3
6040,5,17
6041,2,6
6042,4,7
6043,2,8
6044,2,5
6045,2,4
6046,1,5
6047,1,5
6048,1,5
6049,4,7
6050,1,3
6051,6,17
6052,1,3
6053,1,3
6054,2,2
6055,2,2
6056,5,24
6057,3,12
6058,1,4
6059,4,12
6060,4,7
6061,1,3
6062,4,7
6063,2,5
6064,2,4
6065,2,10
6066,2,3
6067,1,4
6068,1,4
6069,5,23
6070,2,9
6071,2,5
6072,1,5
6073,1,4
6074,4,9
6075,1,3
6076,4,6
6077,6,27
6078,3,7
6079,2,2
6080,2,5
6081,1,5
6082,1,2
6083,3,7
6084,2,3
6085,1,4
6086,3,12
6087,1,5
6088,1,3
6089,4,7
6090,2,5
6091,4,10
6092,2,6
6093,4,8
6094,2,5
6095,1,2
6096,1,5
6097,2,3
6098,7,24
6099,2,10
6100,2,2
6101,6,13
6102,4,8
6103,1,5
6104,1,2
6105,1,3
6106,4,24
6107,2,5
6108,4,13
6109,1,2
6110,3,7
6111,1,2
6112,6,26
6113,4,23
6114,1,5
6115,2,10
6116,3,10
6117,7,21
6118,1,3
6119,1,5
6120,3,7
6121,3,13
6122,1,4
6123,4,10
6124,1,3
6125,2,13
6126,1,5
6127,2,2
6128,2,2
6129,2,2
6130,1,3
6131,2,4
6132,1,4
6133,2,4
6134,4,12
6135,2,5
6136,2,3
6137,1,4
6138,4,21
6139,3,11
6140,2,2
6141,4,10
6142,4,19
6143,1,2
6144,7,13
6145,2,2
6146,1,2
6147,2,3
6148,2,12
6149,2,2
6150,1,2
6151,1,4
6152,2,2
6153,1,5
6154,1,4
6155,2,5
6156,5,21
6157,2,5
6158,2,3
6159,1,4
6160,1,3
6161,1,3
6162,1,3
6163,2,7
6164,2,5
6165,2,3
6166,1,3
6167,3,6
6168,3,6
6169,2,2
6170,2,3
6171,4,16
6172,2,5
6173,1,4
6174,1,4
6175,1,4
6176,4,13
6177,4,27
6178,3,6
6179,1,2
6180,1,5
6181,1,3
6182,7,21
6183,3,13
6184,2,5
6185,1,2
6186,1,5
6187,6,13
6188,1,3
6189,1,3
6190,2,3
6191,1,2
6192,7,19
6193,6,22
6194,7,12
6195,3,10
6196,2,2
6197,1,2
6198,2,2
6199,2,7
6200,1,4
6201,3,11
6202,2,4
6203,2,2
6204,3,10
6205,6,15
6206,1,2
6207,1,2
6208,5,24
6209,3,6
6210,2,2
6211,1,4
6212,1,5
6213,1,2
6214,3,6
6215,2,2
6216,2,4
6217,2,4
6218,1,5
6219,2,2
6220,1,5
6221,2,3
6222,1,4
6223,2,2
6224,2,4
6225,1,5
6226,2,3
6227,2,2
6228,2,4
6229,4,26
6230,7,26
6231,2,2
6232,3,9
6233,2,2
6234,2,4
6235,1,3
6236,1,2
6237,1,5
6238,2,8
6239,3,12
6240,2,2
6241,1,2
6242,1,4
6243,1,2
6244,4,18
6245,2,13
6246,7,29
6247,2,6
6248,2,5
6249,2,5
6250,1,2
6251,2,5
6252,3,12
6253,2,2
6254,1,3
6255,4,12
6256,2,9
6257,1,5
6258,2,11
6259,2,3
6260,1,5
6261,2,3
6262,1,3
6263,1,5
6264,2,4
6265,2,6
6266,2,13
6267,2,3
6268,2,7
6269,1,4
6270,2,5
6271,4,9
6272,1,3
6273,2,5
6274,5,25
6275,1,3
6276,7,28
6277,1,3
6278,1,4
6279,2,5
6280,2,2
6281,2,5
6282,3,12
6283,1,2
6284,2,5
6285,1,2
6286,1,3
6287,4,7
6288,4,13
6289,6,14
6290,2,2
6291,2,2
6292,1,5
6293,5,29
6294,2,2
6295,1,3
6296,1,3
6297,3,8
6298,2,11
6299,4,11
6300,2,2
6301,5,22
6302,1,4
6303,4,14
6304,2,7
6305,3,13
6306,4,13
6307,1,3
6308,2,3
6309,2,5
6310,2,3
6311,1,4
6312,2,5
6313,2,8
6314,1,5
6315,3,10
6316,4,12
6317,2,2
6318,1,5
6319,1,4
6320,4,12
6321,2,4
6322,1,3
6323,2,8
6324,2,4
6325,4,6
6326,2,4
6327,2,7
6328,4,26
6329,2,10
6330,2,4
6331,1,4
6332,2,10
6333,2,5
6334,1,4
6335,3,13
6336,2,2
6337,2,2
6338,4,19
6339,1,3
6340,1,3
6341,4,10
6342,2,7
6343,2,3
6344,4,10
6345,4,12
6346,2,4
6347,1,4
6348,1,3
6349,3,9
6350,2,11
6351,1,4
6352,4,10
6353,4,6
6354,1,2
6355,4,11
6356,2,5
6357,4,26
6358,2,2
6359,2,4
6360,4,12
6361,2,3
6362,3,10
6363,2,3
6364,7,26
6365,2,4
6366,1,2
6367,5,20
6368,3,10
6369,3,8
6370,7,23
6371,1,2
6372,1,4
6373,2,4
6374,1,5
6375,4,13
6376,6,26
6377,2,2
6378,3,7
6379,7,21
6380,2,10
6381,2,4
6382,1,3
6383,5,25
6384,7,16
6385,1,4
6386,3,12
6387,2,2
6388,1,3
6389,6,18
6390,2,3
6391,1,2
6392,2,3
6393,1,5
6394,2,4
6395,1,2
6396,4,25
6397,6,21
6398,2,2
6399,2,4
6400,2,6
6401,2,9
6402,1,2
6403,1,5
6404,2,4
6405,1,3
6406,1,5
6407,3,13
6408,4,6
6409,4,10
6410,1,3
6411,3,12
6412,1,5
6413,1,3
6414,4,13
6415,2,3
6416,1,2
6417,2,2
6418,7,24
6419,2,3
6420,3,9
6421,7,25
6422,4,12
6423,1,2
6424,2,2
6425,2,5
6426,1,4
6427,3,12
6428,1,2
6429,4,14
6430,2,3
6431,2,8
6432,1,3
6433,1,3
6434,2,7
6435,1,2
6436,1,3
6437,2,5
6438,2,4
6439,2,7
6440,6,19
6441,1,2
6442,1,2
6443,3,10
6444,6,22
6445,7,24
6446,2,12
6447,1,5
6448,1,2
6449,2,2
6450,1,5
6451,4,13
6452,2,4
6453,4,7
6454,2,4
6455,3,7
6456,2,4
6457,1,3
6458,2,2
6459,4,11
6460,1,5
6461,3,9
6462,1,3
6463,2,2
6464,6,20
6465,1,3
6466,2,3
6467,1,5
6468,5,19
6469,2,4
6470,2,2
6471,2,2
6472,2,2
6473,1,4
6474,2,12
6475,2,9
6476,1,5
6477,4,11
6478,3,12
6479,5,26
6480,2,4
6481,2,2
6482,3,9
6483,2,3
6484,1,4
6485,4,12
6486,2,4
6487,2,2
6488,1,3
6489,3,7
6490,2,4
6491,3,7
6492,2,2
6493,2,4
6494,1,5
6495,2,5
6496,1,3
6497,2,5
6498,5,27
6499,2,4
6500,1,2
6501,1,4
6502,4,10
6503,1,4
6504,1,5
6505,3,8
6506,1,3
6507,1,3
6508,1,2
6509,3,6
6510,1,2
6511,1,3
6512,3,12
6513,2,5
6514,2,10
6515,2,4
6516,2,4
6517,1,3
6518,2,3
6519,2,13
6520,2,4
6521,2,2
6522,6,29
6523,1,4
6524,2,7
6525,4,20
6526,7,23
6527,3,10
6528,1,3
6529,5,25
6530,4,7
6531,2,10
6532,1,3
6533,4,16
6534,4,11
6535,2,9
6536,1,5
6537,2,3
6538,5,12
6539,1,3
6540,2,2
6541,3,8
6542,1,5
6543,1,2
6544,1,2
6545,2,2
6546,2,2
6547,2,2
6548,1,5
6549,1,2
6550,5,19
6551,1,3
6552,2,3
6553,2,2
6554,2,9
6555,4,20
6556,2,3
6557,1,5
6558,1,4
6559,4,13
6560,1,3
6561,1,5
6562,2,12
6563,5,20
6564,1,3
6565,7,23
6566,2,3
6567,2,13
6568,2,3
6569,1,5
6570,3,10
6571,2,3
6572,1,3
6573,2,4
6574,2,5
6575,1,2
6576,7,16
6577,2,2
6578,2,3
6579,2,2
6580,2,3
6581,2,4
6582,1,2
6583,2,4
6584,1,5
6585,4,13
6586,1,4
6587,1,5
6588,2,2
6589,3,6
6590,1,3
6591,6,17
6592,2,2
6593,2,4
6594,2,11
6595,2,8
6596,1,4
6597,2,3
6598,1,4
6599,4,13
6600,3,7
6601,2,5
6602,2,4
6603,2,5
6604,1,4
6605,1,2
6606,3,9
6607,1,5
6608,2,5
6609,1,2
6610,2,4
6611,2,2
6612,1,5
6613,2,2
6614,3,9
6615,4,7
6616,1,4
6617,2,5
6618,1,2
6619,1,2
6620,2,2
6621,1,4
6622,2,3
6623,2,4
6624,3,11
6625,4,6
6626,7,28
6627,1,2
6628,4,12
6629,4,11
6630,7,24
6631,2,2
6632,3,6
6633,2,5
6634,2,3
6635,2,3
6636,4,9
6637,4,10
6638,2,5
6639,2,5
6640,1,5
6641,2,3
6642,1,2
6643,1,2
6644,3,11
6645,2,3
6646,1,5
6647,4,13
6648,7,22
6649,2,11
6650,2,5
6651,3,11
6652,2,5
6653,4,19
6654,4,7
6655,4,7
6656,1,2
6657,2,2
6658,4,12
6659,2,11
6660,2,4
6661,4,17
6662,1,3
6663,1,3
6664,4,10
6665,2,4
6666,2,3
6667,2,12
6668,1,4
6669,1,2
6670,4,6
6671,4,11
6672,1,5
6673,1,4
6674,2,2
6675,2,8
6676,1,5
6677,4,12
6678,2,7
6679,1,4
6680,2,2
6681,6,13
6682,2,3
6683,2,5
6684,4,13
6685,7,23
6686,2,3
6687,1,5
6688,5,18
6689,3,7
6690,2,2
6691,2,2
6692,1,3
6693,3,12
6694,1,5
6695,3,10
6696,3,6
6697,2,9
6698,3,13
6699,2,10
6700,1,5
6701,1,3
6702,2,6
6703,1,2
6704,1,2
6705,1,3
6706,1,2
6707,3,13
6708,4,10
6709,2,3
6710,3,11
6711,2,4
6712,4,6
6713,1,3
6714,3,12
6715,1,2
6716,1,3
6717,2,11
6718,1,2
6719,5,20
6720,1,2
6721,2,5
6722,1,2
6723,2,3
6724,2,4
6725,6,26
6726,1,3
6727,3,6
6728,1,3
6729,4,13
6730,1,4
6731,1,2
6732,7,16
6733,1,3
6734,1,4
6735,1,3
6736,2,2
6737,1,4
6738,2,5
6739,1,5
6740,7,27
6741,3,10
6742,1,5
6743,2,4
6744,4,12
6745,7,16
6746,4,23
6747,2,9
6748,1,3
6749,7,21
6750,3,10
6751,1,4
6752,2,5
6753,1,5
6754,3,12
6755,2,3
6756,2,4
6757,1,2
6758,1,2
6759,1,4
6760,4,11
6761,2,2
6762,7,22
6763,3,11
6764,5,26
6765,2,10
6766,1,3
6767,1,5
6768,2,2
6769,5,26
6770,2,2
6771,2,3
6772,3,13
6773,7,12
6774,3,11
6775,4,11
6776,1,5
6777,2,3
6778,2,2
6779,3,12
6780,1,5
6781,1,3
6782,7,19
6783,1,3
6784,2,10
6785,4,7
6786,3,10
6787,2,3
6788,2,5
6789,2,9
6790,4,13
6791,2,3
6792,1,3
6793,1,5
6794,5,19
6795,2,4
6796,1,2
6797,2,12
6798,2,2
6799,7,17
6800,2,2
6801,2,2
6802,2,3
6803,2,3
6804,2,3
6805,2,5
6806,1,5
6807,4,6
6808,1,3
6809,6,27
6810,2,3
6811,2,2
6812,2,5
6813,1,5
6814,1,4
6815,2,2
6816,1,5
6817,3,6
6818,1,2
6819,1,3
6820,2,2
6821,4,12
6822,2,5
6823,3,6
6824,2,2
6825,6,21
6826,2,3
6827,4,14
6828,2,2
6829,1,2
6830,2,2
6831,2,2
6832,4,20
6833,2,2
6834,2,5
6835,2,3
6836,2,4
6837,1,2
6838,1,5
6839,2,2
6840,2,3
6841,2,5
6842,1,5
6843,2,5
6844,1,2
6845,1,3
6846,6,14
6847,2,9
6848,7,23
6849,2,2
6850,4,8
6851,1,4
6852,2,5
6853,2,2
6854,3,8
6855,7,25
6856,1,4
6857,2,5
6858,4,13
6859,7,19
6860,4,9
6861,2,3
6862,2,2
6863,2,3
6864,2,12
6865,3,11
6866,2,2
6867,1,3
6868,4,18
6869,2,7
6870,4,21
6871,2,5
6872,3,10
6873,3,13
6874,2,3
6875,6,24
6876,2,4
6877,2,11
6878,7,28
6879,1,5
6880,1,3
6881,1,5
6882,2,6
6883,4,12
6884,1,4
6885,2,7
6886,1,4
6887,2,3
6888,1,3
6889,4,6
6890,2,2
6891,3,6
6892,1,5
6893,3,10
6894,2,3
6895,2,10
6896,1,5
6897,6,26
6898,2,7
6899,3,8
6900,7,28
6901,3,7
6902,1,4
6903,2,12
6904,2,7
6905,1,2
6906,3,12
6907,3,11
6908,4,28
6909,7,12
6910,2,2
6911,2,3
6912,2,5
6913,2,2
6914,4,12
6915,2,5
6916,1,3
6917,4,9
6918,4,8
6919,2,5
6920,2,4
6921,1,2
6922,2,2
6923,5,15
6924,2,9
6925,2,3
6926,2,11
6927,1,4
6928,3,10
6929,2,5
6930,4,6
6931,1,5
6932,1,4
6933,2,2
6934,2,3
6935,4,12
6936,2,2
6937,3,8
6938,2,9
6939,2,10
6940,2,10
6941,1,2
6942,1,3
6943,6,28
6944,1,2
6945,1,4
6946,4,10
6947,2,5
6948,4,10
6949,7,14
6950,1,3
6951,2,12
6952,1,4
6953,1,3
6954,3,13
6955,2,10
6956,3,13
6957,7,21
6958,1,5
6959,3,7
6960,2,4
6961,1,5
6962,2,2
6963,4,6
6964,2,3
6965,4,12
6966,4,13
6967,2,5
6968,1,3
6969,2,5
6970,1,2
6971,2,10
6972,1,5
6973,3,9
6974,4,12
6975,1,4
6976,3,9
6977,1,5
6978,1,3
6979,1,4
6980,2,5
6981,2,3
6982,6,20
6983,1,2
6984,2,10
6985,1,2
6986,1,5
6987,2,2
6988,4,10
6989,2,5
6990,1,4
6991,1,4
6992,4,8
6993,2,3
6994,4,8
6995,1,5
6996,2,12
6997,2,3
6998,1,3
6999,1,2
7000,5,18
7001,2,5
7002,4,25
7003,2,2
7004,2,4
7005,2,3
7006,2,3
7007,7,18
7008,3,7
7009,2,13
7010,1,3
7011,2,4
7012,7,20
7013,1,4
7014,4,10
7015,1,5
7016,4,21
7017,4,12
7018,5,14
7019,2,2
7020,1,3
7021,2,4
7022,4,12
7023,2,11
7024,2,5
7025,2,2
7026,2,4
7027,4,11
7028,2,5
7029,2,8
7030,2,5
7031,2,4
7032,6,14
7033,1,5
7034,1,2
7035,2,5
7036,1,3
7037,2,4
7038,1,5
7039,2,9
7040,2,4
7041,3,12
7042,4,9
7043,4,19
7044,5,13
7045,2,2
7046,1,3
7047,2,8
7048,2,4
7049,1,2
7050,1,4
7051,2,3
7052,1,5
7053,2,5
7054,2,3
7055,2,7
7056,2,4
7057,5,24
7058,2,5
7059,4,6
7060,1,3
7061,1,3
7062,2,2
7063,2,2
7064,4,13
7065,4,7
7066,2,2
7067,1,5
7068,2,4
7069,1,4
7070,1,5
7071,6,28
7072,1,5
7073,3,13
7074,4,6
7075,3,8
7076,1,5
7077,3,8
7078,4,9
7079,1,3
7080,1,2
7081,4,22
7082,2,10
7083,1,4
7084,2,4
7085,2,2
7086,1,5
7087,2,5
7088,2,3
7089,2,12
7090,2,10
7091,2,8
7092,1,5
7093,3,10
7094,1,2
7095,1,4
7096,6,23
7097,2,5
7098,2,4
7099,2,4
7100,1,3
7101,2,9
7102,5,29
7103,3,10
7104,4,6
7105,4,7
7106,3,7
7107,2,4
7108,5,27
7109,1,5
7110,6,25
7111,2,4
7112,3,12
7113,2,8
7114,5,17
7115,4,11
7116,1,4
7117,2,3
7118,1,2
7119,1,5
7120,1,5
7121,1,5
7122,1,2
7123,6,22
7124,5,15
7125,1,3
7126,1,2
7127,1,4
7128,1,2
7129,1,5
7130,2,4
7131,1,5
7132,1,4
7133,2,5
7134,1,4
7135,3,6
7136,2,12
7137,2,4
7138,2,2
7139,1,4
7140,1,2
7141,2,5
7142,2,5
7143,1,5
7144,1,4
7145,4,11
7146,1,3
7147,1,5
7148,2,2
7149,2,4
7150,3,10
7151,2,8
7152,2,2
7153,3,9
7154,2,3
7155,1,2
7156,1,5
7157,2,11
7158,1,3
7159,2,3
7160,2,2
7161,3,10
7162,7,29
7163,2,10
7164,3,13
7165,6,22
7166,3,7
7167,3,8
7168,4,29
7169,1,5
7170,2,3
7171,2,9
7172,6,21
7173,4,6
7174,2,12
7175,7,27
7176,1,3
7177,1,2
7178,2,3
7179,1,4
7180,1,3
7181,1,2
7182,2,3
7183,4,21
7184,1,5
7185,4,9
7186,6,21
7187,1,3
7188,1,2
7189,2,11
7190,3,12
7191,2,5
7192,2,4
7193,2,3
7194,1,2
7195,1,4
7196,1,3
7197,1,5
7198,4,21
7199,2,9
7200,7,28
7201,4,13
7202,4,11
7203,2,2
7204,1,5
7205,3,13
7206,6,17
7207,1,2
7208,2,3
7209,4,13
7210,1,3
7211,2,4
7212,2,7
7213,1,2
7214,4,10
7215,6,23
7216,2,2
7217,2,3
7218,2,5
7219,2,3
7220,3,12
7221,1,3
7222,1,2
7223,2,2
7224,2,4
7225,1,5
7226,3,6
7227,1,2
7228,1,2
7229,2,4
7230,5,12
7231,1,5
7232,3,10
7233,2,3
7234,4,7
7235,2,5
7236,5,17
7237,2,2
7238,4,10
7239,1,3
7240,4,9
7241,3,9
7242,2,4
7243,2,4
7244,4,8
7245,2,5
7246,2,6
7247,2,2
7248,2,4
7249,2,13
7250,2,4
7251,7,27
7252,4,12
7253,2,2
7254,3,10
7255,2,13
7256,2,3
7257,4,11
7258,2,3
7259,2,4
7260,2,2
7261,4,11
7262,2,3
7263,2,3
7264,1,3
7265,1,4
7266,3,10
7267,2,6
7268,1,2
7269,2,3
7270,1,5
7271,2,4
7272,1,4
7273,1,4
7274,2,2
7275,2,2
7276,2,4
7277,4,11
7278,2,5
7279,3,10
7280,2,2
7281,1,3
7282,2,3
7283,4,6
7284,3,7
7285,3,11
7286,2,7
7287,2,5
7288,3,13
7289,3,13
7290,5,17
7291,2,9
7292,3,13
7293,2,4
7294,4,10
7295,7,14
7296,2,12
7297,2,5
7298,2,4
7299,4,13
7300,2,10
7301,3,10
7302,2,2
7303,4,13
7304,1,4
7305,3,9
7306,2,2
7307,4,8
7308,2,3
7309,2,2
7310,1,5
7311,1,5
7312,4,13
7313,5,17
7314,7,14
7315,1,5
7316,3,13
7317,2,5
7318,6,24
7319,4,10
7320,2,3
7321,1,4
7322,1,4
7323,2,13
7324,2,5
7325,4,6
7326,1,2
7327,6,28
7328,4,19
7329,2,2
7330,3,8
7331,4,10
7332,2,11
7333,1,2
7334,2,5
7335,1,5
7336,2,5
7337,2,2
7338,1,4
7339,3,9
7340,2,4
7341,3,13
7342,1,5
7343,2,8
7344,5,26
7345,1,5
7346,2,10
7347,2,4
7348,2,9
7349,1,3
7350,2,2
7351,1,5
7352,2,2
7353,1,3
7354,1,4
7355,1,5
7356,4,8
7357,2,5
7358,2,5
7359,2,4
7360,3,12
7361,1,5
7362,1,3
7363,2,3
7364,2,5
7365,2,4
7366,2,3
7367,1,5
7368,2,2
7369,1,5
7370,1,4
7371,1,5
7372,6,20
7373,1,2
7374,4,13
7375,1,2
7376,2,5
7377,2,8
7378,2,4
7379,1,4
7380,2,3
7381,2,5
7382,3,8
7383,2,5
7384,2,2
7385,3,12
7386,7,24
7387,2,13
7388,1,2
7389,4,6
7390,3,10
7391,4,10
7392,2,10
7393,5,27
7394,1,3
7395,1,2
7396,3,8
7397,2,3
7398,1,3
7399,2,4
7400,3,12
7401,1,4
7402,4,12
7403,2,4
7404,2,2
7405,1,3
7406,2,4
7407,3,12
7408,2,13
7409,3,11
7410,2,3
7411,2,2
7412,1,3
7413,2,4
7414,2,5
7415,3,7
7416,2,5
7417,2,4
7418,6,25
7419,2,2
7420,6,22
7421,6,20
7422,1,2
7423,1,4
7424,4,11
7425,2,5
7426,2,2
7427,2,7
7428,1,3
7429,2,2
7430,4,10
7431,3,6
7432,1,3
7433,2,4
7434,2,4
7435,1,2
7436,2,13
7437,4,7
7438,4,9
7439,2,2
7440,1,3
7441,2,4
7442,2,4
7443,2,5
7444,2,2
7445,1,5
7446,4,6
7447,3,12
7448,2,3
7449,1,4
7450,2,13
7451,5,20
7452,2,4
7453,4,10
7454,2,8
7455,1,2
7456,2,4
7457,1,4
7458,2,2
7459,1,4
7460,5,14
7461,4,9
7462,2,4
7463,2,2
7464,4,10
7465,1,5
7466,2,4
7467,5,15
7468,2,5
7469,2,4
7470,2,2
7471,2,4
7472,2,5
7473,2,3
7474,2,5
7475,1,2
7476,2,4
7477,2,3
7478,2,5
7479,3,9
7480,1,5
7481,3,8
7482,2,4
7483,2,5
7484,3,12
7485,2,3
7486,2,11
7487,2,2
7488,2,4
7489,3,8
7490,1,5
7491,1,3
7492,4,8
7493,4,15
7494,2,3
7495,2,4
7496,1,4
7497,1,5
7498,2,2
7499,4,9
7500,2,4
7501,2,11
7502,1,3
7503,1,4
7504,6,12
7505,1,5
7506,1,4
7507,2,4
7508,3,12
7509,2,5
7510,2,3
7511,2,9
7512,2,4
7513,2,11
7514,1,2
7515,1,4
7516,3,11
7517,2,11
7518,2,11
7519,4,12
7520,1,2
7521,2,3
7522,1,4
7523,2,11
7524,3,9
7525,7,13
7526,2,4
7527,2,3
7528,2,3
7529,2,9
7530,1,5
7531,3,8
7532,2,2
7533,1,2
7534,1,2
7535,1,2
7536,2,4
7537,2,4
7538,2,5
7539,1,5
7540,3,10
7541,4,9
7542,2,4
7543,2,2
7544,1,3
7545,4,17
7546,1,3
7547,1,5
7548,3,6
7549,2,3
7550,4,10
7551,1,4
7552,1,3
7553,1,3
7554,3,7
7555,2,12
7556,2,2
7557,2,3
7558,1,3
7559,7,16
7560,2,5
7561,2,9
7562,1,3
7563,1,3
7564,1,5
7565,4,13
7566,3,7
7567,1,2
7568,1,5
7569,1,3
7570,1,4
7571,7,12
7572,2,3
7573,4,12
7574,4,13
7575,4,12
7576,6,14
7577,2,4
7578,2,13
7579,2,4
7580,2,5
7581,3,11
7582,1,4
7583,2,10
7584,3,11
7585,4,13
7586,1,3
7587,4,12
7588,2,5
7589,2,12
7590,1,3
7591,2,2
7592,2,3
7593,2,3
7594,2,4
7595,1,2
7596,2,4
7597,4,12
7598,2,4
7599,1,5
7600,1,4
7601,2,6
7602,2,4
7603,2,4
7604,2,2
7605,2,3
7606,1,4
7607,2,3
7608,3,8
7609,2,4
7610,2,5
7611,1,2
7612,1,2
7613,4,19
7614,2,4
7615,3,9
7616,2,10
7617,2,4
7618,4,17
7619,1,5
7620,4,8
7621,1,2
7622,1,3
7623,2,2
7624,2,3
7625,2,5
7626,2,3
7627,1,5
7628,1,5
7629,1,4
7630,1,5
7631,2,3
7632,1,3
7633,1,4
7634,1,3
7635,2,5
7636,6,29
7637,1,2
7638,1,2
7639,2,4
7640,2,5
7641,1,3
7642,2,4
7643,2,4
7644,1,5
7645,3,8
7646,2,2
7647,1,4
7648,2,7
7649,2,2
7650,4,6
7651,3,10
7652,1,3
7653,2,5
7654,6,18
7655,3,10
7656,5,28
7657,2,4
7658,2,3
7659,7,20
7660,2,2
7661,7,27
7662,1,3
7663,7,14
7664,1,4
7665,1,5
7666,4,6
7667,1,4
7668,1,3
7669,1,2
7670,4,9
7671,6,17
7672,2,4
7673,2,5
7674,1,4
7675,3,8
7676,1,5
7677,1,2
7678,1,5
7679,2,3
7680,3,6
7681,2,5
7682,1,4
7683,2,4
7684,3,10
7685,1,3
7686,2,4
7687,2,3
7688,3,8
7689,2,2
7690,1,5
7691,1,4
7692,1,2
7693,6,24
7694,1,5
7695,4,24
7696,2,4
7697,1,3
7698,1,3
7699,7,19
7700,2,4
7701,2,6
7702,2,3
7703,2,3
7704,2,12
7705,5,20
7706,2,5
7707,1,3
7708,1,4
7709,2,5
7710,2,4
7711,1,2
7712,1,4
7713,2,5
7714,7,16
7715,2,7
7716,1,5
7717,6,26
7718,2,3
7719,1,2
7720,1,5
7721,1,2
7722,3,6
7723,2,4
7724,2,4
7725,1,4
7726,4,17
7727,4,12
7728,2,7
7729,2,5
7730,2,2
7731,1,4
7732,1,2
7733,1,2
7734,4,6
7735,1,5
7736,2,5
7737,4,11
7738,3,10
7739,1,3
7740,2,2
7741,2,4
7742,4,6
7743,2,10
7744,1,5
7745,6,17
7746,7,27
7747,1,2
7748,3,13
7749,2,5
7750,2,2
7751,1,5
7752,2,5
7753,7,24
7754,4,6
7755,3,7
7756,2,3
7757,1,3
7758,2,3
7759,2,2
7760,2,3
7761,1,3
7762,2,5
7763,1,2
7764,1,3
7765,1,5
7766,3,6
7767,2,3
7768,1,3
7769,3,13
7770,6,19
7771,2,7
7772,1,4
7773,1,4
7774,4,15
7775,3,13
7776,1,5
7777,1,2
7778,2,4
7779,1,2
7780,1,4
7781,2,2
7782,6,19
7783,2,3
7784,3,9
7785,1,2
7786,2,5
7787,1,4
7788,3,6
7789,2,5
7790,1,5
7791,2,7
7792,2,3
7793,6,23
7794,4,26
7795,4,15
7796,2,3
7797,1,5
7798,5,13
7799,2,5
7800,2,5
7801,2,13
7802,1,3
7803,2,12
7804,2,13
7805,2,9
7806,1,3
7807,2,4
7808,2,3
7809,1,2
7810,2,2
7811,2,5
7812,2,3
7813,1,3
7814,3,9
7815,2,2
7816,2,4
7817,2,12
7818,4,10
7819,1,5
7820,1,5
7821,1,4
7822,2,4
7823,7,16
7824,7,29
7825,2,2
7826,3,6
7827,4,8
7828,6,18
7829,2,3
7830,1,4
7831,1,4
7832,1,4
7833,2,2
7834,4,8
7835,4,13
7836,3,10
7837,2,4
7838,2,2
7839,1,4
7840,1,3
7841,7,17
7842,2,3
7843,3,12
7844,2,3
7845,2,2
7846,4,11
7847,2,3
7848,1,3
7849,2,3
7850,4,10
7851,4,25
7852,2,8
7853,6,27
7854,2,11
7855,2,9
7856,1,4
7857,2,4
7858,2,3
7859,4,11
7860,1,4
7861,2,2
7862,5,15
7863,1,2
7864,6,20
7865,4,10
7866,2,5
7867,4,7
7868,2,13
7869,1,4
7870,4,13
7871,4,9
7872,1,4
7873,2,2
7874,1,5
7875,1,4
7876,2,3
7877,4,6
7878,2,4
7879,3,10
7880,2,4
7881,2,5
7882,2,2
7883,2,9
7884,2,4
7885,1,5
7886,3,9
7887,1,4
7888,1,5
7889,2,5
7890,2,9
7891,1,3
7892,2,3
7893,1,3
7894,4,27
7895,2,5
7896,1,5
7897,1,2
7898,2,2
7899,4,8
7900,1,5
7901,3,12
7902,2,12
7903,7,20
7904,2,3
7905,4,20
7906,1,3
7907,3,11
7908,1,2
7909,4,9
7910,1,4
7911,4,13
7912,6,14
7913,4,13
7914,2,7
7915,1,5
7916,1,2
7917,5,18
7918,2,8
7919,1,5
7920,1,3
7921,2,2
7922,1,3
7923,1,2
7924,1,2
7925,1,2
7926,2,5
7927,2,2
7928,1,2
7929,1,2
7930,7,18
7931,2,4
7932,3,13
7933,5,15
7934,2,4
7935,2,4
7936,1,2
7937,1,4
7938,2,5
7939,2,5
7940,2,2
7941,1,3
7942,7,16
7943,1,4
7944,4,28
7945,2,4
7946,2,5
7947,1,5
7948,4,21
7949,1,4
7950,2,5
7951,3,12
7952,3,13
7953,1,2
7954,7,29
7955,2,13
7956,2,4
7957,2,2
7958,7,12
7959,7,24
7960,2,2
7961,4,13
7962,1,5
7963,1,3
7964,1,5
7965,1,5
7966,3,7
7967,1,5
7968,1,2
7969,2,4
7970,1,2
7971,6,18
7972,2,6
7973,1,4
7974,5,18
7975,2,5
7976,2,7
7977,6,24
7978,2,4
7979,4,12
7980,2,3
7981,2,4
7982,1,2
7983,4,27
7984,1,4
7985,4,22
7986,6,15
7987,1,2
7988,1,2
7989,1,2
7990,1,5
7991,1,5
7992,5,16
7993,2,11
7994,1,3
7995,2,2
7996,2,2
7997,1,5
7998,7,26
7999,4,9
8000,2,4
